time,Ticker,Bid,Ask,Last,Fair Value,vs FV bps,Spread bps,Sell Edge,Buy Edge,Volume,Signal
2026-09-23 09:25:22,SPY,,,773.38,774.3445858057911,-12.456803127089966,,-15.456803127089966,9.456803127089966,34483102.0,STALE
2026-09-23 09:25:22,QQQ,746.24,746.3,746.24,748.3130913679826,-27.30262762405511,0.8039985528018737,-30.70352933680109,23.90172591130913,39451977.0,BUY ETF / SELL BASKET
2026-09-23 09:25:22,XLK,195.5,196.26,196.27,196.56319437596787,-34.75698378512915,38.799264856033844,-57.089188942172406,12.424778628085889,8568988.0,STALE
2026-09-23 09:25:22,XLF,54.53,54.68,54.56,54.79071003130785,-33.894437798256405,27.470011903671562,-50.582889719604005,17.205985876911026,69564269.0,BUY ETF / SELL BASKET
2026-09-23 09:25:22,XLE,62.12,62.29,62.28,62.08290565582913,19.666338564712227,27.328992846234502,2.9749690802979316,-36.357708049128746,39244284.0,SELL ETF / BUY BASKET
2026-09-23 09:25:22,XLV,169.3,170.19,169.76,170.00828715204386,-15.486724585865863,52.43158855930875,-44.6619191869394,-13.688470015207674,7037068.0,
2026-09-23 09:25:22,IWM,285.59,285.64,285.64,284.6763317751014,32.973174097246094,1.750608336397296,29.094983773374167,-36.85136442111802,25435821.0,SELL ETF / BUY VTWO
2026-09-23 09:25:22,AAPU,46.73,46.86,46.83,46.88741565284087,-19.710118707571,27.78074580617642,-36.573113520778406,2.847123894364703,1116977.0,EX-DIV?
2026-09-23 09:25:22,TLT,81.43,81.44,81.45,81.48156860009217,-5.715231173412105,1.2279732301824653,-14.328866880958017,-2.898404534134917,22666158.0,
2026-09-23 09:25:22,IEF,90.94,90.95,90.93,90.92912464311173,1.7459045108569882,1.0995656715602964,-6.803974311756271,-10.295783333470247,8895727.0,
2026-09-23 09:25:22,SHY,81.26,81.27,81.27,81.2754649143046,-1.2875859050009986,1.2305420537735685,-9.902777710457437,-7.32760590045544,4614683.0,
2026-09-23 09:25:22,LQD,104.65,105.02,104.9802,104.82346164410973,1.1007417337016712,35.29355654123054,-24.547978991444666,-26.7494624588469,23584154.0,
2026-09-23 09:25:22,VCIT,79.65,79.79,79.76,79.75111665910732,-3.9017208047797958,17.56146512794789,-20.67902737206006,-12.875585762502688,9662768.0,
2026-09-23 09:25:22,HYG,78.45,78.71,78.65,78.68842845650731,-13.779466515492222,33.08729956731877,-38.30032003232708,-10.741387001343742,29519116.0,STALE
2026-09-23 09:25:22,AGG,95.94,96.1,96.0967,96.00098977646833,1.9802112015643303,16.663195167673045,-14.353036214558072,-18.313458617687843,7161825.0,
2026-09-23 09:25:22,TIP,105.39,105.49,105.56,105.4490221106411,-0.855589787417399,9.484066767829507,-13.597217447798064,-11.886037872964376,1700660.0,STALE
2026-09-23 09:25:22,MUB,102.5,102.75,102.75,102.7947233428888,-16.51090030396429,24.360535931790498,-36.671057550853085,-3.649256942925609,19528748.0,
2026-09-23 09:25:31,SPY,772.76,772.83,772.75,774.2659313195869,-18.997753356910785,0.9058029619763329,-22.44979442683681,15.545712286986983,34483102.0,BUY ETF / SELL BASKET
2026-09-23 09:25:31,QQQ,746.47,746.53,746.455,748.2501565221604,-23.389992062214926,0.8037508372397244,-26.79092749454914,19.9890566298796,39451977.0,BUY ETF / SELL BASKET
2026-09-23 09:25:31,XLK,196.02,196.35,196.3497,196.53245203543676,-17.67911771507924,16.82085786375024,-29.07467775064154,6.28355767951583,8568988.0,BUY ETF / SELL BASKET
2026-09-23 09:25:31,XLF,54.53,54.68,54.56,54.79071003130785,-33.894437798256405,27.470011903671562,-50.582889719604005,17.205985876911026,69564269.0,BUY ETF / SELL BASKET
2026-09-23 09:25:31,XLE,62.12,62.29,62.28,62.057042506262256,23.84217612735995,27.328992846234502,7.1451005712016595,-40.53925168351824,39244284.0,SELL ETF / BUY BASKET
2026-09-23 09:25:31,XLV,169.3,170.19,169.76,170.00828715204386,-15.486724585865863,52.43158855930875,-44.6619191869394,-13.688470015207674,7037068.0,
2026-09-23 09:25:31,IWM,285.59,285.64,285.64,284.6763317751014,32.973174097246094,1.750608336397296,29.094983773374167,-36.85136442111802,25435821.0,SELL ETF / BUY VTWO
2026-09-23 09:25:31,AAPU,46.73,46.86,46.83,46.80331509823588,-1.7766045457301427,27.78074580617642,-18.664509678854355,-15.11130058739407,1116977.0,EX-DIV?
2026-09-23 09:25:31,TLT,81.43,81.44,81.45,81.48156860009217,-5.715231173412105,1.2279732301824653,-14.328866880958017,-2.898404534134917,22666158.0,
2026-09-23 09:25:31,IEF,90.94,90.95,90.93,90.92912464311173,1.7459045108569882,1.0995656715602964,-6.803974311756271,-10.295783333470247,8895727.0,
2026-09-23 09:25:31,SHY,81.26,81.27,81.27,81.2754649143046,-1.2875859050009986,1.2305420537735685,-9.902777710457437,-7.32760590045544,4614683.0,
2026-09-23 09:25:31,LQD,104.65,105.02,104.9802,104.82346164410973,1.1007417337016712,35.29355654123054,-24.547978991444666,-26.7494624588469,23584154.0,
2026-09-23 09:25:31,VCIT,79.65,79.79,79.76,79.75111665910732,-3.9017208047797958,17.56146512794789,-20.67902737206006,-12.875585762502688,9662768.0,
2026-09-23 09:25:31,HYG,78.45,78.71,78.65,78.68842845650731,-13.779466515492222,33.08729956731877,-38.30032003232708,-10.741387001343742,29519116.0,STALE
2026-09-23 09:25:31,AGG,95.94,96.1,96.0967,96.00098977646833,1.9802112015643303,16.663195167673045,-14.353036214558072,-18.313458617687843,7161825.0,
2026-09-23 09:25:31,TIP,105.39,105.49,105.56,105.4490221106411,-0.855589787417399,9.484066767829507,-13.597217447798064,-11.886037872964376,1700660.0,STALE
2026-09-23 09:25:31,MUB,102.5,102.75,102.75,102.7947233428888,-16.51090030396429,24.360535931790498,-36.671057550853085,-3.649256942925609,19528748.0,
2026-09-23 09:25:42,SPY,772.76,772.83,772.75,774.351886995788,-20.105678334796373,0.9058029619763329,-23.557669226635156,16.6536874429587,34483102.0,BUY ETF / SELL BASKET
2026-09-23 09:25:42,QQQ,746.47,746.53,746.455,748.3253081086517,-24.3919066864795,0.8037508372397244,-27.792801854328637,20.991011518630366,39451977.0,BUY ETF / SELL BASKET
2026-09-23 09:25:42,XLK,196.02,196.35,196.3497,196.56920761838737,-19.545666538639537,16.82085786375024,-30.93965672657994,8.151676350699136,8568988.0,BUY ETF / SELL BASKET
2026-09-23 09:25:42,XLF,54.53,54.68,54.56,54.79564142277951,-34.79134796663841,27.470011903671562,-51.478567981335985,18.104127951943052,69564269.0,BUY ETF / SELL BASKET
2026-09-23 09:25:42,XLE,62.12,62.29,62.28,62.057042506262256,23.84217612735995,27.328992846234502,7.1451005712016595,-40.53925168351824,39244284.0,SELL ETF / BUY BASKET
2026-09-23 09:25:42,XLV,169.3,170.19,169.76,170.00828715204386,-15.486724585865863,52.43158855930875,-44.6619191869394,-13.688470015207674,7037068.0,
2026-09-23 09:25:42,IWM,285.59,285.64,285.64,284.6763317751014,32.973174097246094,1.750608336397296,29.094983773374167,-36.85136442111802,25435821.0,SELL ETF / BUY VTWO
2026-09-23 09:25:42,AAPU,46.73,46.86,46.83,46.816879703817335,-4.67346477504571,27.78074580617642,-21.55734606128756,-12.21041651119392,1116977.0,EX-DIV?
2026-09-23 09:25:42,TLT,81.43,81.44,81.45,81.48156860009217,-5.715231173412105,1.2279732301824653,-14.328866880958017,-2.898404534134917,22666158.0,
2026-09-23 09:25:42,IEF,90.94,90.95,90.93,90.92912464311173,1.7459045108569882,1.0995656715602964,-6.803974311756271,-10.295783333470247,8895727.0,
2026-09-23 09:25:42,SHY,81.26,81.27,81.27,81.2754649143046,-1.2875859050009986,1.2305420537735685,-9.902777710457437,-7.32760590045544,4614683.0,
2026-09-23 09:25:42,LQD,104.65,105.02,104.9802,104.82346164410973,1.1007417337016712,35.29355654123054,-24.547978991444666,-26.7494624588469,23584154.0,
2026-09-23 09:25:42,VCIT,79.65,79.79,79.76,79.75111665910732,-3.9017208047797958,17.56146512794789,-20.67902737206006,-12.875585762502688,9662768.0,
2026-09-23 09:25:42,HYG,78.45,78.71,78.65,78.68842845650731,-13.779466515492222,33.08729956731877,-38.30032003232708,-10.741387001343742,29519116.0,STALE
2026-09-23 09:25:42,AGG,95.94,96.1,96.0967,96.00098977646833,1.9802112015643303,16.663195167673045,-14.353036214558072,-18.313458617687843,7161825.0,
2026-09-23 09:25:42,TIP,105.39,105.49,105.56,105.4490221106411,-0.855589787417399,9.484066767829507,-13.597217447798064,-11.886037872964376,1700660.0,STALE
2026-09-23 09:25:42,MUB,102.5,102.75,102.75,102.7947233428888,-16.51090030396429,24.360535931790498,-36.671057550853085,-3.649256942925609,19528748.0,
2026-09-23 09:25:52,SPY,772.76,772.83,772.75,774.2933184458656,-19.350786196539183,0.9058029619763329,-22.80281127755612,15.898761115524465,34483102.0,BUY ETF / SELL BASKET
2026-09-23 09:25:52,QQQ,746.47,746.53,746.455,748.2799727535164,-23.787523631916272,0.8037508372397244,-27.188443088434262,20.386604175398283,39451977.0,BUY ETF / SELL BASKET
2026-09-23 09:25:52,XLK,196.02,196.35,196.3497,196.54702255098923,-18.419131782844154,16.82085786375024,-29.814069434833996,7.024194130853203,8568988.0,BUY ETF / SELL BASKET
2026-09-23 09:25:52,XLF,54.53,54.68,54.56,54.79564142277951,-34.79134796663841,27.470011903671562,-51.478567981335985,18.104127951943052,69564269.0,BUY ETF / SELL BASKET
2026-09-23 09:25:52,XLE,62.12,62.29,62.28,62.034874092347785,27.424236792832346,27.328992846234502,10.722266531159821,-44.12620705450709,39244284.0,SELL ETF / BUY BASKET
2026-09-23 09:25:52,XLV,169.3,170.19,169.76,170.00828715204386,-15.486724585865863,52.43158855930875,-44.6619191869394,-13.688470015207674,7037068.0,
2026-09-23 09:25:52,IWM,285.59,285.64,285.64,284.6763317751014,32.973174097246094,1.750608336397296,29.094983773374167,-36.85136442111802,25435821.0,SELL ETF / BUY VTWO
2026-09-23 09:25:52,AAPU,46.73,46.86,46.83,46.814166782701044,-4.094227029610709,27.78074580617642,-20.978912898680697,-12.790458839458172,1116977.0,EX-DIV?
2026-09-23 09:25:52,TLT,81.43,81.44,81.45,81.48156860009217,-5.715231173412105,1.2279732301824653,-14.328866880958017,-2.898404534134917,22666158.0,
2026-09-23 09:25:52,IEF,90.94,90.95,90.93,90.92912464311173,1.7459045108569882,1.0995656715602964,-6.803974311756271,-10.295783333470247,8895727.0,
2026-09-23 09:25:52,SHY,81.26,81.27,81.27,81.2754649143046,-1.2875859050009986,1.2305420537735685,-9.902777710457437,-7.32760590045544,4614683.0,
2026-09-23 09:25:52,LQD,104.65,105.02,104.9802,104.82346164410973,1.1007417337016712,35.29355654123054,-24.547978991444666,-26.7494624588469,23584154.0,
2026-09-23 09:25:52,VCIT,79.65,79.79,79.76,79.75111665910732,-3.9017208047797958,17.56146512794789,-20.67902737206006,-12.875585762502688,9662768.0,
2026-09-23 09:25:52,HYG,78.45,78.71,78.65,78.68842845650731,-13.779466515492222,33.08729956731877,-38.30032003232708,-10.741387001343742,29519116.0,STALE
2026-09-23 09:25:52,AGG,95.94,96.1,96.0967,96.00098977646833,1.9802112015643303,16.663195167673045,-14.353036214558072,-18.313458617687843,7161825.0,
2026-09-23 09:25:52,TIP,105.39,105.49,105.56,105.4490221106411,-0.855589787417399,9.484066767829507,-13.597217447798064,-11.886037872964376,1700660.0,STALE
2026-09-23 09:25:52,MUB,102.5,102.75,102.75,102.7947233428888,-16.51090030396429,24.360535931790498,-36.671057550853085,-3.649256942925609,19528748.0,
2026-09-23 09:26:05,SPY,772.76,772.83,772.75,774.3314046789013,-19.841694003595034,0.9058029619763329,-23.29369685132343,16.38969115586775,34483102.0,BUY ETF / SELL BASKET
2026-09-23 09:26:05,QQQ,746.47,746.53,746.455,748.3066962535956,-24.14379374982012,0.8037508372397244,-27.5446988887188,20.742888610922552,39451977.0,BUY ETF / SELL BASKET
2026-09-23 09:26:05,XLK,196.02,196.35,196.3497,196.56013720555313,-19.08511109558475,16.82085786375024,-30.47948863040639,7.690733560762,8568988.0,BUY ETF / SELL BASKET
2026-09-23 09:26:05,XLF,54.56,54.66,54.59,54.799543285386115,-34.58847903147766,18.311664530304764,-46.712642665398874,22.464315397557556,69564269.0,BUY ETF / SELL BASKET
2026-09-23 09:26:05,XLE,62.14,62.27,62.13,62.02277383308614,29.38052519293244,20.89864158829717,15.900503745500341,-42.860546640366756,39244284.0,SELL ETF / BUY BASKET
2026-09-23 09:26:05,XLV,169.3,170.19,169.98,170.03259092690863,-16.91387076682482,52.43158855930875,-46.085323990830204,-12.257582457180558,7037068.0,
2026-09-23 09:26:05,IWM,285.75,285.79,285.76,284.6763317751014,38.41795410524762,1.3997270532253372,34.71540184615007,-42.12050636434516,25435821.0,SELL ETF / BUY VTWO
2026-09-23 09:26:05,AAPU,46.73,46.86,46.83,46.8223869336834,-5.849110965270299,27.78074580617642,-22.731359235113377,-11.033137304570559,1116977.0,EX-DIV?
2026-09-23 09:26:05,TLT,81.43,81.44,81.45,81.48156860009217,-5.715231173412105,1.2279732301824653,-14.328866880958017,-2.898404534134917,22666158.0,
2026-09-23 09:26:05,IEF,90.94,90.95,90.93,90.92912464311173,1.7459045108569882,1.0995656715602964,-6.803974311756271,-10.295783333470247,8895727.0,
2026-09-23 09:26:05,SHY,81.26,81.27,81.27,81.2754649143046,-1.2875859050009986,1.2305420537735685,-9.902777710457437,-7.32760590045544,4614683.0,
2026-09-23 09:26:05,LQD,104.65,105.02,104.9802,104.82346164410973,1.1007417337016712,35.29355654123054,-24.547978991444666,-26.7494624588469,23584154.0,
2026-09-23 09:26:05,VCIT,79.65,79.79,79.76,79.75111665910732,-3.9017208047797958,17.56146512794789,-20.67902737206006,-12.875585762502688,9662768.0,
2026-09-23 09:26:05,HYG,78.45,78.71,78.65,78.68842845650731,-13.779466515492222,33.08729956731877,-38.30032003232708,-10.741387001343742,29519116.0,STALE
2026-09-23 09:26:05,AGG,95.94,96.1,96.0967,96.00098977646833,1.9802112015643303,16.663195167673045,-14.353036214558072,-18.313458617687843,7161825.0,
2026-09-23 09:26:05,TIP,105.39,105.49,105.56,105.4490221106411,-0.855589787417399,9.484066767829507,-13.597217447798064,-11.886037872964376,1700660.0,STALE
2026-09-23 09:26:05,MUB,102.5,102.75,102.75,102.7947233428888,-16.51090030396429,24.360535931790498,-36.671057550853085,-3.649256942925609,19528748.0,
2026-09-23 09:26:15,SPY,772.76,772.83,772.75,774.3804947542355,-20.474363248762508,0.9058029619763329,-23.92633744280814,17.022389054719092,34483102.0,BUY ETF / SELL BASKET
2026-09-23 09:26:15,QQQ,746.47,746.53,746.455,748.3860226854663,-25.20120136261461,0.8037508372397244,-28.602064006899905,21.800338718329318,39451977.0,BUY ETF / SELL BASKET
2026-09-23 09:26:15,XLK,196.02,196.35,196.3497,196.59892763949807,-21.05442000462365,16.82085786375024,-32.44714126618453,9.661698743063887,8568988.0,BUY ETF / SELL BASKET
2026-09-23 09:26:15,XLF,54.56,54.66,54.59,54.779021653068696,-30.855179221556117,18.311664530304764,-42.98276100216302,18.72759744095032,69564269.0,BUY ETF / SELL BASKET
2026-09-23 09:26:15,XLE,62.14,62.27,62.13,62.02166541239042,29.559765348214917,20.89864158829717,16.079556606995673,-43.039974089436384,39244284.0,SELL ETF / BUY BASKET
2026-09-23 09:26:15,XLV,169.3,170.19,169.98,170.03259092690863,-16.91387076682482,52.43158855930875,-46.085323990830204,-12.257582457180558,7037068.0,
2026-09-23 09:26:15,IWM,285.75,285.79,285.76,284.6763317751014,38.41795410524762,1.3997270532253372,34.71540184615007,-42.12050636434516,25435821.0,SELL ETF / BUY VTWO
2026-09-23 09:26:15,AAPU,46.73,46.86,46.83,46.849217723523495,-11.57281298557744,27.78074580617642,-28.44711081987505,-5.30148484871906,1116977.0,EX-DIV?
2026-09-23 09:26:15,TLT,81.44,81.45,81.4498,81.48156860009217,-4.487959758318061,1.2278224568733642,-13.101595465865083,-4.125675949231182,22666158.0,
2026-09-23 09:26:15,IEF,90.94,90.95,90.93,90.92912464311173,1.7459045108569882,1.0995656715602964,-6.803974311756271,-10.295783333470247,8895727.0,
2026-09-23 09:26:15,SHY,81.26,81.27,81.27,81.2754649143046,-1.2875859050009986,1.2305420537735685,-9.902777710457437,-7.32760590045544,4614683.0,
2026-09-23 09:26:15,LQD,104.65,105.02,104.9802,104.82346164410973,1.1007417337016712,35.29355654123054,-24.547978991444666,-26.7494624588469,23584154.0,
2026-09-23 09:26:15,VCIT,79.65,79.79,79.76,79.75111665910732,-3.9017208047797958,17.56146512794789,-20.67902737206006,-12.875585762502688,9662768.0,
2026-09-23 09:26:15,HYG,78.45,78.71,78.65,78.68842845650731,-13.779466515492222,33.08729956731877,-38.30032003232708,-10.741387001343742,29519116.0,STALE
2026-09-23 09:26:15,AGG,95.94,96.1,96.0967,96.00098977646833,1.9802112015643303,16.663195167673045,-14.353036214558072,-18.313458617687843,7161825.0,
2026-09-23 09:26:15,TIP,105.39,105.49,105.56,105.4490221106411,-0.855589787417399,9.484066767829507,-13.597217447798064,-11.886037872964376,1700660.0,STALE
2026-09-23 09:26:15,MUB,102.5,102.75,102.75,102.7947233428888,-16.51090030396429,24.360535931790498,-36.671057550853085,-3.649256942925609,19528748.0,
2026-09-23 09:26:26,SPY,772.71,772.75,772.7302,774.3510907276648,-20.934828491574464,0.5176452318398874,-24.19310926678719,17.67654771636174,34483102.0,BUY ETF / SELL BASKET
2026-09-23 09:26:26,QQQ,746.45,746.51,746.47,748.3439325512456,-24.907431866135752,0.8037723716636136,-28.308317056688125,21.506546675583387,39451977.0,BUY ETF / SELL BASKET
2026-09-23 09:26:26,XLK,196.02,196.35,196.3497,196.57835306577692,-20.009988874273297,16.82085786375024,-31.403588547213367,8.616389201334343,8568988.0,BUY ETF / SELL BASKET
2026-09-23 09:26:26,XLF,54.56,54.66,54.59,54.779021653068696,-30.855179221556117,18.311664530304764,-42.98276100216302,18.72759744095032,69564269.0,BUY ETF / SELL BASKET
2026-09-23 09:26:26,XLE,62.14,62.27,62.13,62.02166541239042,29.559765348214917,20.89864158829717,16.079556606995673,-43.039974089436384,39244284.0,SELL ETF / BUY BASKET
2026-09-23 09:26:26,XLV,169.3,170.19,169.98,170.06653591375007,-18.906477516137386,52.43158855930875,-48.07270696328058,-10.259751931005809,7037068.0,
2026-09-23 09:26:26,IWM,285.75,285.79,285.76,284.7940623315205,34.26818875680971,1.3997270532253372,30.565926924654654,-37.97045058896697,25435821.0,SELL ETF / BUY VTWO
2026-09-23 09:26:26,AAPU,46.68,46.87,46.83,46.80602801935217,-6.629064816040531,40.61998931052864,-29.925595844207173,-16.66746621212611,1116977.0,EX-DIV?
2026-09-23 09:26:26,TLT,81.44,81.45,81.4498,81.48156860009217,-4.487959758318061,1.2278224568733642,-13.101595465865083,-4.125675949231182,22666158.0,
2026-09-23 09:26:26,IEF,90.94,90.95,90.93,90.92912464311173,1.7459045108569882,1.0995656715602964,-6.803974311756271,-10.295783333470247,8895727.0,
2026-09-23 09:26:26,SHY,81.27,81.28,81.26,81.2754649143046,-0.05720229408590072,1.2303906490316967,-8.67239409954456,-8.557989511369428,4614683.0,
2026-09-23 09:26:26,LQD,104.65,105.02,104.9802,104.82346164410973,1.1007417337016712,35.29355654123054,-24.547978991444666,-26.7494624588469,23584154.0,
2026-09-23 09:26:26,VCIT,79.65,79.79,79.76,79.75111665910732,-3.9017208047797958,17.56146512794789,-20.67902737206006,-12.875585762502688,9662768.0,
2026-09-23 09:26:26,HYG,78.45,78.71,78.65,78.68842845650731,-13.779466515492222,33.08729956731877,-38.30032003232708,-10.741387001343742,29519116.0,STALE
2026-09-23 09:26:26,AGG,95.98,96.1,96.0967,96.00098977646833,4.063523055595208,12.494793835900703,-10.186412506496316,-18.313458617687843,7161825.0,
2026-09-23 09:26:26,TIP,105.39,105.5,105.56,105.4490221106411,-0.3814270213797766,10.431978756697752,-13.597217447798064,-12.834363405041842,1700660.0,STALE
2026-09-23 09:26:26,MUB,102.18,102.75,102.75,102.7947233428888,-32.07590157998208,55.628751280924526,-67.80106010288866,-3.649256942925609,19528748.0,
2026-09-23 09:26:36,SPY,772.71,772.75,772.7302,774.3681135830864,-21.15419726551826,0.5176452318398874,-24.412472362970504,17.895922168064907,34483102.0,BUY ETF / SELL BASKET
2026-09-23 09:26:36,QQQ,746.45,746.51,746.47,748.3513844687396,-25.006761630675946,0.8037723716636136,-28.407642829302635,21.605880432049254,39451977.0,BUY ETF / SELL BASKET
2026-09-23 09:26:36,XLK,196.31,196.4,196.38,196.58199184839185,-11.54692992259898,4.583534923989886,-16.836051096766113,6.257808748432961,8568988.0,BUY ETF / SELL BASKET
2026-09-23 09:26:36,XLF,54.56,54.66,54.59,54.779021653068696,-30.855179221556117,18.311664530304764,-42.98276100216302,18.72759744095032,69564269.0,BUY ETF / SELL BASKET
2026-09-23 09:26:36,XLE,62.14,62.27,62.13,62.02166541239042,29.559765348214917,20.89864158829717,16.079556606995673,-43.039974089436384,39244284.0,SELL ETF / BUY BASKET
2026-09-23 09:26:36,XLV,169.3,170.19,169.98,170.0885838397318,-20.20028810725716,52.43158855930875,-49.363125727170164,-8.962549512656956,7037068.0,
2026-09-23 09:26:36,IWM,285.75,285.79,285.76,284.7940623315205,34.26818875680971,1.3997270532253372,30.565926924654654,-37.97045058896697,25435821.0,SELL ETF / BUY VTWO
2026-09-23 09:26:36,AAPU,46.68,46.87,46.83,46.819592624933605,-9.52435133104057,40.61998931052864,-32.81500203384169,-13.766299371760546,1116977.0,EX-DIV?
2026-09-23 09:26:36,TLT,81.44,81.45,81.4498,81.48156860009217,-4.487959758318061,1.2278224568733642,-13.101595465865083,-4.125675949231182,22666158.0,
2026-09-23 09:26:36,IEF,90.94,90.95,90.93,90.92912464311173,1.7459045108569882,1.0995656715602964,-6.803974311756271,-10.295783333470247,8895727.0,
2026-09-23 09:26:36,SHY,81.27,81.28,81.26,81.2754649143046,-0.05720229408590072,1.2303906490316967,-8.67239409954456,-8.557989511369428,4614683.0,
2026-09-23 09:26:36,LQD,104.65,105.02,104.9802,104.82346164410973,1.1007417337016712,35.29355654123054,-24.547978991444666,-26.7494624588469,23584154.0,
2026-09-23 09:26:36,VCIT,79.65,79.79,79.76,79.75111665910732,-3.9017208047797958,17.56146512794789,-20.67902737206006,-12.875585762502688,9662768.0,
2026-09-23 09:26:36,HYG,78.45,78.71,78.65,78.68842845650731,-13.779466515492222,33.08729956731877,-38.30032003232708,-10.741387001343742,29519116.0,STALE
2026-09-23 09:26:36,AGG,95.98,96.1,96.0967,96.00098977646833,4.063523055595208,12.494793835900703,-10.186412506496316,-18.313458617687843,7161825.0,
2026-09-23 09:26:36,TIP,105.39,105.5,105.56,105.4490221106411,-0.3814270213797766,10.431978756697752,-13.597217447798064,-12.834363405041842,1700660.0,STALE
2026-09-23 09:26:36,MUB,102.18,102.75,102.75,102.7947233428888,-32.07590157998208,55.628751280924526,-67.80106010288866,-3.649256942925609,19528748.0,
2026-09-23 09:26:47,SPY,772.71,772.75,772.7302,774.3588232183222,-21.034476130233905,0.5176452318398874,-24.292754326339704,17.776197934126994,34483102.0,BUY ETF / SELL BASKET
2026-09-23 09:26:47,QQQ,746.45,746.51,746.47,748.3455667326265,-24.92921473126075,0.8037723716636136,-28.330099046390053,21.52833041613145,39451977.0,BUY ETF / SELL BASKET
2026-09-23 09:26:47,XLK,196.31,196.4,196.38,196.57916125524173,-11.403103656071334,4.583534923989886,-16.692257791874106,6.113949520269671,8568988.0,BUY ETF / SELL BASKET
2026-09-23 09:26:47,XLF,54.56,54.66,54.59,54.779021653068696,-30.855179221556117,18.311664530304764,-42.98276100216302,18.72759744095032,69564269.0,BUY ETF / SELL BASKET
2026-09-23 09:26:47,XLE,62.14,62.27,62.13,62.02166541239042,29.559765348214917,20.89864158829717,16.079556606995673,-43.039974089436384,39244284.0,SELL ETF / BUY BASKET
2026-09-23 09:26:47,XLV,169.3,170.19,169.98,170.08080663177506,-19.743946329116024,52.43158855930875,-48.90798028524689,-9.420087627014848,7037068.0,
2026-09-23 09:26:47,IWM,285.75,285.79,285.76,284.7940623315205,34.26818875680971,1.3997270532253372,30.565926924654654,-37.97045058896697,25435821.0,SELL ETF / BUY VTWO
2026-09-23 09:26:47,AAPU,46.68,46.87,46.83,46.814166782701044,-8.366438066247373,40.61998931052864,-31.659440490270693,-14.926564357775948,1116977.0,EX-DIV?
2026-09-23 09:26:47,TLT,81.44,81.45,81.4498,81.48156860009217,-4.487959758318061,1.2278224568733642,-13.101595465865083,-4.125675949231182,22666158.0,
2026-09-23 09:26:47,IEF,90.94,90.95,90.93,90.92912464311173,1.7459045108569882,1.0995656715602964,-6.803974311756271,-10.295783333470247,8895727.0,
2026-09-23 09:26:47,SHY,81.27,81.28,81.26,81.2754649143046,-0.05720229408590072,1.2303906490316967,-8.67239409954456,-8.557989511369428,4614683.0,
2026-09-23 09:26:47,LQD,104.65,105.02,104.9802,104.82346164410973,1.1007417337016712,35.29355654123054,-24.547978991444666,-26.7494624588469,23584154.0,
2026-09-23 09:26:47,VCIT,79.65,79.79,79.76,79.75111665910732,-3.9017208047797958,17.56146512794789,-20.67902737206006,-12.875585762502688,9662768.0,
2026-09-23 09:26:47,HYG,78.45,78.71,78.65,78.68842845650731,-13.779466515492222,33.08729956731877,-38.30032003232708,-10.741387001343742,29519116.0,STALE
2026-09-23 09:26:47,AGG,95.98,96.1,96.0967,96.00098977646833,4.063523055595208,12.494793835900703,-10.186412506496316,-18.313458617687843,7161825.0,
2026-09-23 09:26:47,TIP,105.39,105.5,105.56,105.4490221106411,-0.3814270213797766,10.431978756697752,-13.597217447798064,-12.834363405041842,1700660.0,STALE
2026-09-23 09:26:47,MUB,102.18,102.75,102.75,102.7947233428888,-32.07590157998208,55.628751280924526,-67.80106010288866,-3.649256942925609,19528748.0,
2026-09-23 09:26:56,SPY,772.71,772.75,772.7302,774.373441407217,-21.222853462412594,0.5176452318398874,-24.481126782887383,17.964580141937805,34483102.0,BUY ETF / SELL BASKET
2026-09-23 09:26:56,QQQ,746.45,746.51,746.47,748.345764099046,-24.93184552587513,0.8037723716636136,-28.332729735276782,21.530961316473476,39451977.0,BUY ETF / SELL BASKET
2026-09-23 09:26:56,XLK,196.31,196.4,196.38,196.57924572960138,-11.40739597250362,4.583534923989886,-16.696549124607714,6.118242820400635,8568988.0,BUY ETF / SELL BASKET
2026-09-23 09:26:56,XLF,54.55,54.64,54.57,54.779021653068696,-33.59345375573919,16.485026101291954,-44.808277358285075,22.378630153192194,69564269.0,BUY ETF / SELL BASKET
2026-09-23 09:26:56,XLE,62.14,62.27,62.13,62.04965303495743,25.035911958291024,20.89864158829717,11.560430336600927,-38.51139357998334,39244284.0,SELL ETF / BUY BASKET
2026-09-23 09:26:56,XLV,169.3,170.19,169.98,170.08080663177506,-19.743946329116024,52.43158855930875,-48.90798028524689,-9.420087627014848,7037068.0,
2026-09-23 09:26:56,IWM,285.77,285.81,285.78,284.7940623315205,34.97045058896475,1.3996290982896695,31.268188756809707,-38.67271242112202,25435821.0,SELL ETF / BUY VTWO
2026-09-23 09:26:56,AAPU,46.68,46.87,46.83,46.81706960829546,-8.98595504747468,40.61998931052864,-32.27769923284029,-14.305789137892042,1116977.0,EX-DIV?
2026-09-23 09:26:56,TLT,81.44,81.45,81.4498,81.48156860009217,-4.487959758318061,1.2278224568733642,-13.101595465865083,-4.125675949231182,22666158.0,
2026-09-23 09:26:56,IEF,90.94,90.95,90.93,90.92912464311173,1.7459045108569882,1.0995656715602964,-6.803974311756271,-10.295783333470247,8895727.0,
2026-09-23 09:26:56,SHY,81.27,81.28,81.26,81.2754649143046,-0.05720229408590072,1.2303906490316967,-8.67239409954456,-8.557989511369428,4614683.0,
2026-09-23 09:26:56,LQD,104.65,105.02,104.9802,104.82346164410973,1.1007417337016712,35.29355654123054,-24.547978991444666,-26.7494624588469,23584154.0,
2026-09-23 09:26:56,VCIT,79.65,79.79,79.76,79.75111665910732,-3.9017208047797958,17.56146512794789,-20.67902737206006,-12.875585762502688,9662768.0,
2026-09-23 09:26:56,HYG,78.45,78.71,78.65,78.68842845650731,-13.779466515492222,33.08729956731877,-38.30032003232708,-10.741387001343742,29519116.0,STALE
2026-09-23 09:26:56,AGG,95.98,96.1,96.0967,96.00098977646833,4.063523055595208,12.494793835900703,-10.186412506496316,-18.313458617687843,7161825.0,
2026-09-23 09:26:56,TIP,105.39,105.5,105.56,105.4490221106411,-0.3814270213797766,10.431978756697752,-13.597217447798064,-12.834363405041842,1700660.0,STALE
2026-09-23 09:26:56,MUB,102.18,102.75,102.75,102.7947233428888,-32.07590157998208,55.628751280924526,-67.80106010288866,-3.649256942925609,19528748.0,
2026-09-23 09:27:08,SPY,772.71,772.75,772.7302,774.3715284441257,-21.198202462632267,0.5176452318398874,-24.456476421131132,17.939928504134507,34483102.0,BUY ETF / SELL BASKET
2026-09-23 09:27:08,QQQ,746.45,746.51,746.47,748.3628304398778,-25.159325975223634,0.8037723716636136,-28.560201042500452,21.758450907947925,39451977.0,BUY ETF / SELL BASKET
2026-09-23 09:27:08,XLK,196.31,196.4,196.38,196.5875564579796,-11.829663187724604,4.583534923989886,-17.11871956600197,6.540606809448349,8568988.0,BUY ETF / SELL BASKET
2026-09-23 09:27:08,XLF,54.55,54.64,54.57,54.77609246641217,-33.06049377713727,16.485026101291954,-44.275756672641826,21.845230881633817,69564269.0,BUY ETF / SELL BASKET
2026-09-23 09:27:08,XLE,62.13,62.3,62.14,61.99757956824802,35.06918064642317,27.324600176805365,18.358967991034206,-51.77939330180992,39244284.0,SELL ETF / BUY BASKET
2026-09-23 09:27:08,XLV,169.3,170.19,169.98,170.1028545577568,-21.037539827722938,52.43158855930875,-50.19818252574947,-8.123102870303597,7037068.0,
2026-09-23 09:27:08,IWM,285.77,285.81,285.78,284.7940623315205,34.97045058896475,1.3996290982896695,31.268188756809707,-38.67271242112202,25435821.0,SELL ETF / BUY VTWO
2026-09-23 09:27:08,AAPU,46.68,46.87,46.83,46.819592624933605,-9.52435133104057,40.61998931052864,-32.81500203384169,-13.766299371760546,1116977.0,EX-DIV?
2026-09-23 09:27:08,TLT,81.46,81.47,81.46,81.48156860009217,-2.033416928126641,1.2275210212981178,-10.647052635674774,-6.580218779420381,22666158.0,
2026-09-23 09:27:08,IEF,90.94,90.95,90.93,90.92912464311173,1.7459045108569882,1.0995656715602964,-6.803974311756271,-10.295783333470247,8895727.0,
2026-09-23 09:27:08,SHY,81.27,81.28,81.26,81.2754649143046,-0.05720229408590072,1.2303906490316967,-8.67239409954456,-8.557989511369428,4614683.0,
2026-09-23 09:27:08,LQD,104.65,105.02,104.9802,104.82346164410973,1.1007417337016712,35.29355654123054,-24.547978991444666,-26.7494624588469,23584154.0,
2026-09-23 09:27:08,VCIT,79.65,79.79,79.76,79.75111665910732,-3.9017208047797958,17.56146512794789,-20.67902737206006,-12.875585762502688,9662768.0,
2026-09-23 09:27:08,HYG,78.45,78.71,78.65,78.68842845650731,-13.779466515492222,33.08729956731877,-38.30032003232708,-10.741387001343742,29519116.0,STALE
2026-09-23 09:27:08,AGG,95.98,96.1,96.0967,96.00098977646833,4.063523055595208,12.494793835900703,-10.186412506496316,-18.313458617687843,7161825.0,
2026-09-23 09:27:08,TIP,105.39,105.5,105.56,105.4490221106411,-0.3814270213797766,10.431978756697752,-13.597217447798064,-12.834363405041842,1700660.0,STALE
2026-09-23 09:27:08,MUB,102.18,102.75,102.75,102.7947233428888,-32.07590157998208,55.628751280924526,-67.80106010288866,-3.649256942925609,19528748.0,
2026-09-23 09:27:18,SPY,772.8,772.83,772.8,774.3971775888829,-20.431086717142,0.38819122299756603,-23.62478577021354,17.23738766407046,34483102.0,BUY ETF / SELL BASKET
2026-09-23 09:27:18,QQQ,746.46,746.51,746.51,748.3898039033761,-25.45202905546273,0.6698058232912185,-28.78607957124501,22.117978539681562,39451977.0,BUY ETF / SELL BASKET
2026-09-23 09:27:18,XLK,196.31,196.4,196.38,196.60074401351275,-12.499648195423152,4.583534923989886,-17.788551028717123,7.2107453621314015,8568988.0,BUY ETF / SELL BASKET
2026-09-23 09:27:18,XLF,54.55,54.64,54.57,54.77251234938753,-32.40902083424646,16.485026101291954,-43.624820707174656,21.193220961319373,69564269.0,BUY ETF / SELL BASKET
2026-09-23 09:27:18,XLE,62.13,62.3,62.14,61.99757956824802,35.06918064642317,27.324600176805365,18.358967991034206,-51.77939330180992,39244284.0,SELL ETF / BUY BASKET
2026-09-23 09:27:18,XLV,169.3,170.19,169.98,170.11079181111023,-21.503151400082963,52.43158855930875,-50.662573460390824,-7.656270660223782,7037068.0,
2026-09-23 09:27:18,IWM,285.77,285.81,285.78,284.7940623315205,34.97045058896475,1.3996290982896695,31.268188756809707,-38.67271242112202,25435821.0,SELL ETF / BUY VTWO
2026-09-23 09:27:18,AAPU,46.7,46.85,46.7178,46.819592624933605,-9.52435133103946,32.06841261357532,-28.54328609640999,-9.494583434328849,1116977.0,EX-DIV?
2026-09-23 09:27:18,TLT,81.46,81.47,81.46,81.48156860009217,-2.033416928126641,1.2275210212981178,-10.647052635674774,-6.580218779420381,22666158.0,
2026-09-23 09:27:18,IEF,90.94,90.95,90.93,90.92912464311173,1.7459045108569882,1.0995656715602964,-6.803974311756271,-10.295783333470247,8895727.0,
2026-09-23 09:27:18,SHY,81.27,81.28,81.27,81.2754649143046,-0.05720229408590072,1.2303906490316967,-8.67239409954456,-8.557989511369428,4614683.0,
2026-09-23 09:27:18,LQD,104.64,105.03,104.9802,104.82346164410973,1.1007417337016712,37.20131635427105,-25.501963895506513,-27.703447362910964,23584154.0,
2026-09-23 09:27:18,VCIT,79.65,79.82,79.76,79.75111665910732,-2.0208693975054537,21.32062456888286,-20.67902737206006,-16.63728857704915,9662768.0,
2026-09-23 09:27:18,HYG,78.45,78.71,78.65,78.68842845650731,-13.779466515492222,33.08729956731877,-38.30032003232708,-10.741387001343742,29519116.0,STALE
2026-09-23 09:27:18,AGG,95.98,96.1,96.0967,96.00098977646833,4.063523055595208,12.494793835900703,-10.186412506496316,-18.313458617687843,7161825.0,
2026-09-23 09:27:18,TIP,105.41,105.5,105.56,105.4490221106411,0.5668985106965785,8.534445972215961,-11.700566383646464,-12.834363405041842,1700660.0,STALE
2026-09-23 09:27:18,MUB,102.18,102.75,102.75,102.7947233428888,-32.07590157998208,55.628751280924526,-67.80106010288866,-3.649256942925609,19528748.0,
2026-09-23 09:27:29,SPY,772.8,772.83,772.8,774.3835409087422,-20.255349266611322,0.38819122299756603,-23.44905173067102,17.061646802553845,34483102.0,BUY ETF / SELL BASKET
2026-09-23 09:27:29,QQQ,746.46,746.51,746.51,748.3716587546483,-25.21018443947698,0.6698058232912185,-28.54424305470593,21.87612582424914,39451977.0,BUY ETF / SELL BASKET
2026-09-23 09:27:29,XLK,196.33,196.4,196.32,196.59186906541808,-11.540104201490653,3.564790059327944,-16.320442328716986,6.75976607426321,8568988.0,BUY ETF / SELL BASKET
2026-09-23 09:27:29,XLF,54.55,54.64,54.57,54.77251234938753,-32.40902083424646,16.485026101291954,-43.624820707174656,21.193220961319373,69564269.0,BUY ETF / SELL BASKET
2026-09-23 09:27:29,XLE,62.13,62.3,62.14,62.0076939070965,33.43231780464251,27.324600176805365,16.724341480389374,-50.14029412889342,39244284.0,SELL ETF / BUY BASKET
2026-09-23 09:27:29,XLV,169.3,170.19,169.98,170.11079181111023,-21.503151400082963,52.43158855930875,-50.662573460390824,-7.656270660223782,7037068.0,
2026-09-23 09:27:29,IWM,285.77,285.81,285.78,284.7940623315205,34.97045058896475,1.3996290982896695,31.268188756809707,-38.67271242112202,25435821.0,SELL ETF / BUY VTWO
2026-09-23 09:27:29,AAPU,46.7,46.85,46.7178,46.819592624933605,-9.52435133103946,32.06841261357532,-28.54328609640999,-9.494583434328849,1116977.0,EX-DIV?
2026-09-23 09:27:29,TLT,81.46,81.47,81.46,81.48156860009217,-2.033416928126641,1.2275210212981178,-10.647052635674774,-6.580218779420381,22666158.0,
2026-09-23 09:27:29,IEF,90.94,90.95,90.93,90.92912464311173,1.7459045108569882,1.0995656715602964,-6.803974311756271,-10.295783333470247,8895727.0,
2026-09-23 09:27:29,SHY,81.27,81.28,81.27,81.2754649143046,-0.05720229408590072,1.2303906490316967,-8.67239409954456,-8.557989511369428,4614683.0,
2026-09-23 09:27:29,LQD,104.64,105.03,104.9802,104.82346164410973,1.1007417337016712,37.20131635427105,-25.501963895506513,-27.703447362910964,23584154.0,
2026-09-23 09:27:29,VCIT,79.65,79.82,79.76,79.75111665910732,-2.0208693975054537,21.32062456888286,-20.67902737206006,-16.63728857704915,9662768.0,
2026-09-23 09:27:29,HYG,78.45,78.71,78.65,78.68842845650731,-13.779466515492222,33.08729956731877,-38.30032003232708,-10.741387001343742,29519116.0,STALE
2026-09-23 09:27:29,AGG,95.98,96.1,96.0967,96.00098977646833,4.063523055595208,12.494793835900703,-10.186412506496316,-18.313458617687843,7161825.0,
2026-09-23 09:27:29,TIP,105.41,105.5,105.56,105.4490221106411,0.5668985106965785,8.534445972215961,-11.700566383646464,-12.834363405041842,1700660.0,STALE
2026-09-23 09:27:29,MUB,102.18,102.75,102.75,102.7947233428888,-32.07590157998208,55.628751280924526,-67.80106010288866,-3.649256942925609,19528748.0,
2026-09-23 09:27:40,SPY,772.8,772.83,772.8,774.3491361801553,-19.81194410215381,0.38819122299756603,-23.005655172512515,16.618233031796215,34483102.0,BUY ETF / SELL BASKET
2026-09-23 09:27:40,QQQ,746.46,746.51,746.51,748.3246419171352,-24.58347372367942,0.6698058232912185,-27.917553327632458,21.249394119726375,39451977.0,BUY ETF / SELL BASKET
2026-09-23 09:27:40,XLK,196.33,196.4,196.32,196.56881777650898,-10.368774600898467,3.564790059327944,-15.149321505331434,5.5882276964655,8568988.0,BUY ETF / SELL BASKET
2026-09-23 09:27:40,XLF,54.55,54.64,54.57,54.77251234938753,-32.40902083424646,16.485026101291954,-43.624820707174656,21.193220961319373,69564269.0,BUY ETF / SELL BASKET
2026-09-23 09:27:40,XLE,62.13,62.3,62.14,62.04220311066836,27.851507629961247,27.324600176805365,11.151155976043217,-44.55185928387928,39244284.0,SELL ETF / BUY BASKET
2026-09-23 09:27:40,XLV,169.3,170.19,169.98,170.11079181111023,-21.503151400082963,52.43158855930875,-50.662573460390824,-7.656270660223782,7037068.0,
2026-09-23 09:27:40,IWM,285.77,285.81,285.78,284.7940623315205,34.97045058896475,1.3996290982896695,31.268188756809707,-38.67271242112202,25435821.0,SELL ETF / BUY VTWO
2026-09-23 09:27:40,AAPU,46.7,46.85,46.7178,46.84129599386392,-14.153321862102608,32.06841261357532,-33.164834440624674,-4.858190716417241,1116977.0,EX-DIV?
2026-09-23 09:27:40,TLT,81.46,81.47,81.46,81.48156860009217,-2.033416928126641,1.2275210212981178,-10.647052635674774,-6.580218779420381,22666158.0,
2026-09-23 09:27:40,IEF,90.94,90.95,90.93,90.92912464311173,1.7459045108569882,1.0995656715602964,-6.803974311756271,-10.295783333470247,8895727.0,
2026-09-23 09:27:40,SHY,81.27,81.28,81.27,81.2754649143046,-0.05720229408590072,1.2303906490316967,-8.67239409954456,-8.557989511369428,4614683.0,
2026-09-23 09:27:40,LQD,104.64,105.03,104.9802,104.82346164410973,1.1007417337016712,37.20131635427105,-25.501963895506513,-27.703447362910964,23584154.0,
2026-09-23 09:27:40,VCIT,79.65,79.82,79.76,79.75111665910732,-2.0208693975054537,21.32062456888286,-20.67902737206006,-16.63728857704915,9662768.0,
2026-09-23 09:27:40,HYG,78.45,78.71,78.65,78.68842845650731,-13.779466515492222,33.08729956731877,-38.30032003232708,-10.741387001343742,29519116.0,STALE
2026-09-23 09:27:40,AGG,95.98,96.1,96.0967,96.00098977646833,4.063523055595208,12.494793835900703,-10.186412506496316,-18.313458617687843,7161825.0,
2026-09-23 09:27:40,TIP,105.41,105.5,105.56,105.4490221106411,0.5668985106965785,8.534445972215961,-11.700566383646464,-12.834363405041842,1700660.0,STALE
2026-09-23 09:27:40,MUB,102.18,102.75,102.75,102.7947233428888,-32.07590157998208,55.628751280924526,-67.80106010288866,-3.649256942925609,19528748.0,
2026-09-23 09:27:50,SPY,772.8,772.83,772.8,774.3781809512428,-20.18627318918775,0.38819122299756603,-23.37997699398275,16.992569384392755,34483102.0,BUY ETF / SELL BASKET
2026-09-23 09:27:50,QQQ,746.46,746.51,746.51,748.3841441877894,-25.37659573013107,0.6698058232912185,-28.710648772196976,22.04254268806516,39451977.0,BUY ETF / SELL BASKET
2026-09-23 09:27:50,XLK,196.33,196.4,196.32,196.59795841936028,-11.849483139766415,3.564790059327944,-16.629766123445243,7.069200156087588,8568988.0,BUY ETF / SELL BASKET
2026-09-23 09:27:50,XLF,54.54,54.65,54.55,54.774439468315784,-32.75970873596656,20.148365234911516,-45.800888624592304,19.718528847340824,69564269.0,BUY ETF / SELL BASKET
2026-09-23 09:27:50,XLE,62.13,62.3,62.14,62.04220311066836,27.851507629961247,27.324600176805365,11.151155976043217,-44.55185928387928,39244284.0,SELL ETF / BUY BASKET
2026-09-23 09:27:50,XLV,169.3,170.19,169.98,170.0255030688996,-16.497705569847867,52.43158855930875,-45.67024980397216,-12.67483866427532,7037068.0,
2026-09-23 09:27:50,IWM,285.77,285.81,285.78,284.7940623315205,34.97045058896475,1.3996290982896695,31.268188756809707,-38.67271242112202,25435821.0,SELL ETF / BUY VTWO
2026-09-23 09:27:50,AAPU,46.7,46.85,46.7178,46.84672183609653,-15.309894328883189,32.06841261357532,-34.31955243525164,-3.6997637774830423,1116977.0,EX-DIV?
2026-09-23 09:27:50,TLT,81.46,81.47,81.46,81.48156860009217,-2.033416928126641,1.2275210212981178,-10.647052635674774,-6.580218779420381,22666158.0,
2026-09-23 09:27:50,IEF,90.94,90.95,90.93,90.92912464311173,1.7459045108569882,1.0995656715602964,-6.803974311756271,-10.295783333470247,8895727.0,
2026-09-23 09:27:50,SHY,81.27,81.28,81.27,81.2754649143046,-0.05720229408590072,1.2303906490316967,-8.67239409954456,-8.557989511369428,4614683.0,
2026-09-23 09:27:50,LQD,104.64,105.03,104.9802,104.82346164410973,1.1007417337016712,37.20131635427105,-25.501963895506513,-27.703447362910964,23584154.0,
2026-09-23 09:27:50,VCIT,79.65,79.82,79.76,79.75111665910732,-2.0208693975054537,21.32062456888286,-20.67902737206006,-16.63728857704915,9662768.0,
2026-09-23 09:27:50,HYG,78.45,78.71,78.65,78.68842845650731,-13.779466515492222,33.08729956731877,-38.30032003232708,-10.741387001343742,29519116.0,STALE
2026-09-23 09:27:50,AGG,95.98,96.1,96.0967,96.00098977646833,4.063523055595208,12.494793835900703,-10.186412506496316,-18.313458617687843,7161825.0,
2026-09-23 09:27:50,TIP,105.41,105.5,105.56,105.4490221106411,0.5668985106965785,8.534445972215961,-11.700566383646464,-12.834363405041842,1700660.0,STALE
2026-09-23 09:27:50,MUB,102.18,102.75,102.75,102.7947233428888,-32.07590157998208,55.628751280924526,-67.80106010288866,-3.649256942925609,19528748.0,
2026-09-23 09:28:00,SPY,772.8,772.83,772.8,774.2729259953431,-18.829613517338252,0.38819122299756603,-22.023343654303027,15.635883380374587,34483102.0,BUY ETF / SELL BASKET
2026-09-23 09:28:00,QQQ,746.46,746.51,746.51,748.2732818887913,-23.898780459958857,0.6698058232912185,-27.232882994488225,20.56467792542949,39451977.0,BUY ETF / SELL BASKET
2026-09-23 09:28:00,XLK,196.33,196.4,196.32,196.54374314261187,-9.094318636343468,3.564790059327944,-13.875092699174083,4.313544573513964,8568988.0,BUY ETF / SELL BASKET
2026-09-23 09:28:00,XLF,54.54,54.65,54.55,54.78235606046102,-34.200073515320284,20.148365234911516,-47.23980235416347,21.160344676477095,69564269.0,BUY ETF / SELL BASKET
2026-09-23 09:28:00,XLE,62.21,62.29,62.22,62.03507696502568,34.645404743429694,12.851405622489686,25.197439824719783,-44.09336966214183,39244284.0,SELL ETF / BUY BASKET
2026-09-23 09:28:00,XLV,169.3,170.19,169.98,170.02607759120585,-16.531440070131076,52.43158855930875,-45.70389586658263,-12.641015726320479,7037068.0,
2026-09-23 09:28:00,IWM,285.85,285.89,285.88,284.7940623315205,37.77949791758939,1.399237415607221,34.077236085434336,-41.48175974974444,25435821.0,SELL ETF / BUY VTWO
2026-09-23 09:28:00,AAPU,46.7,46.85,46.7178,46.75990836037524,3.2274741662141615,32.06841261357532,-15.81190713923741,-22.266855471664623,1116977.0,EX-DIV?
2026-09-23 09:28:00,TLT,81.48,81.49,81.48,81.48156860009217,0.4211259020636682,1.2272197336922017,-8.192509805483354,-9.03476160961069,22666158.0,
2026-09-23 09:28:00,IEF,90.94,90.95,90.93,90.92912464311173,1.7459045108569882,1.0995656715602964,-6.803974311756271,-10.295783333470247,8895727.0,
2026-09-23 09:28:00,SHY,81.27,81.28,81.27,81.2754649143046,-0.05720229408590072,1.2303906490316967,-8.67239409954456,-8.557989511369428,4614683.0,
2026-09-23 09:28:00,LQD,104.64,105.03,104.9802,104.82346164410973,1.1007417337016712,37.20131635427105,-25.501963895506513,-27.703447362910964,23584154.0,
2026-09-23 09:28:00,VCIT,79.65,79.82,79.76,79.75111665910732,-2.0208693975054537,21.32062456888286,-20.67902737206006,-16.63728857704915,9662768.0,
2026-09-23 09:28:00,HYG,78.45,78.71,78.65,78.68842845650731,-13.779466515492222,33.08729956731877,-38.30032003232708,-10.741387001343742,29519116.0,STALE
2026-09-23 09:28:00,AGG,95.98,96.1,96.0967,96.00098977646833,4.063523055595208,12.494793835900703,-10.186412506496316,-18.313458617687843,7161825.0,
2026-09-23 09:28:00,TIP,105.41,105.5,105.56,105.4490221106411,0.5668985106965785,8.534445972215961,-11.700566383646464,-12.834363405041842,1700660.0,STALE
2026-09-23 09:28:00,MUB,102.18,102.75,102.75,102.7947233428888,-32.07590157998208,55.628751280924526,-67.80106010288866,-3.649256942925609,19528748.0,
2026-09-23 09:32:13,SPY,772.61,772.65,772.65,774.3783664630223,-22.57767699539448,0.5177122296566742,-25.835948673247675,19.319405317540173,34483102.0,BUY ETF / SELL BASKET
2026-09-23 09:32:13,QQQ,745.62,745.66,745.6,748.1847763621315,-34.01267230409122,0.5364519070860418,-37.27998594948911,30.745358658694435,39451977.0,BUY ETF / SELL BASKET
2026-09-23 09:32:13,XLK,195.88,195.95,195.94,196.50052715202494,-29.797739502853695,3.572978077227021,-34.57890520796735,25.01657379774003,8568988.0,BUY ETF / SELL BASKET
2026-09-23 09:32:13,XLF,54.74,54.75,54.7336,54.83156313789878,-15.787100156360312,1.8266508356923938,-19.698983698222314,11.87521661449942,69564269.0,BUY ETF / SELL BASKET
2026-09-23 09:32:13,XLE,62.25,62.26,62.26,62.040502138760935,34.573843512630816,1.60629668299703,30.767918378626582,-38.379768646637274,39244284.0,SELL ETF / BUY BASKET
2026-09-23 09:32:13,XLV,170.46,170.49,170.48,170.3058299205747,9.933311120602362,1.7597888253410254,6.0525426814336285,-13.814079559766654,7037068.0,SELL ETF / BUY BASKET
2026-09-23 09:32:13,IWM,285.52,285.54,285.52,284.5455474122175,34.59736399797908,0.7004517914068104,31.245926412996837,-37.94880158296354,25435821.0,SELL ETF / BUY VTWO
2026-09-23 09:32:13,AAPU,,,46.29,46.430288444746,-30.214855312162836,,-33.21485531216284,27.214855312162836,1116977.0,EX-DIV?
2026-09-23 09:32:13,TLT,81.47,81.48,81.48,81.49782536103483,-2.800732526753169,1.227370359006458,-11.414245829451712,-5.812780775946484,22666158.0,
2026-09-23 09:32:13,IEF,90.95,90.96,90.96,90.9843434823338,-3.225113377830491,1.0994447803849052,-11.774658476319859,-5.324431720658877,8895727.0,
2026-09-23 09:32:13,SHY,81.27,81.28,81.275,81.27561026516156,-0.07508589102700469,1.2303906490316967,-8.690276596294614,-8.540104814239495,4614683.0,
2026-09-23 09:32:13,LQD,104.85,104.86,104.85,104.8598077835493,-0.45849631531202917,0.9536979638553351,-8.935323433889357,-8.018330803266409,23584154.0,
2026-09-23 09:32:13,VCIT,79.77,79.78,79.775,79.77414620559267,0.10702645505400454,1.2535255405835306,-8.519743023258412,-8.733795933365311,9662768.0,
2026-09-23 09:32:13,HYG,78.55,78.56,78.555,78.54514469588301,1.2547311683186457,1.272993444084414,-7.381845416952519,-9.89130775358759,29519116.0,
2026-09-23 09:32:13,AGG,96.06,96.07,96.07,96.03582481372362,3.037948217028408,1.0409618487472967,-5.482690826753338,-11.558587260812374,7161825.0,
2026-09-23 09:32:13,TIP,105.46,105.47,105.46,105.4733572811271,-0.7923594491088259,0.9481818612814787,-9.26641281470663,-7.681693916488978,1700660.0,
2026-09-23 09:32:13,MUB,102.7,102.72,102.71,102.68592891437017,2.3441464555395974,1.9472300652318195,-6.629696806700107,-11.317989717777081,19528748.0,
2026-09-23 09:32:25,SPY,772.61,772.65,772.65,772.5605326270027,0.8991835599103659,0.5177122296566742,-2.3596958308339495,-4.158062950654681,955192.0,
2026-09-23 09:32:25,QQQ,745.62,745.66,745.6,745.2789854373898,4.844019080967321,0.5364519070860418,1.5756631982585283,-8.112374963673894,1451051.0,EX-DIV?
2026-09-23 09:32:25,XLK,195.88,195.95,195.94,195.8520457312327,3.214378922224981,3.572978077227021,-1.5726843616595794,-8.001442206109541,488711.0,EX-DIV?
2026-09-23 09:32:25,XLF,54.74,54.75,54.7336,54.76927471775588,-4.4321780562128765,1.8266508356923938,-8.345098671971638,0.5192574404552257,2086639.0,EX-DIV?
2026-09-23 09:32:25,XLE,62.22,62.24,62.24,62.247493748075414,-2.810353802549237,3.213883978788868,-7.4168441843916995,-1.7961365792910051,1916196.0,EX-DIV?
2026-09-23 09:32:25,XLV,170.46,170.49,170.48,170.39518305709092,4.684225309488088,1.7597888253410254,0.8039187344507397,-8.564531884525437,371425.0,EX-DIV?
2026-09-23 09:32:25,IWM,285.52,285.54,285.52,285.6505411679683,-4.219882359594029,0.7004517914068104,-7.5699604640891955,0.8698042550977529,1123429.0,EX-DIV?
2026-09-23 09:32:25,AAPU,,,46.29,46.277602119205284,2.679024026088772,,-0.3209759739112279,-5.679024026088772,117104.0,
2026-09-23 09:32:25,TLT,81.47,81.48,81.48,81.46470494265208,1.2637445081487009,1.227370359006458,-7.350018225481307,-9.877507241778709,1030681.0,
2026-09-23 09:32:25,IEF,90.95,90.96,90.96,90.97226810664817,-1.8981725978217678,1.0994447803849052,-10.447790641216807,-6.651445445573271,91230.0,
2026-09-23 09:32:25,SHY,81.27,81.28,81.275,81.27639378359913,-0.17148688988832816,1.2303906490316967,-8.786671664612104,-8.443697884833227,421687.0,
2026-09-23 09:32:25,LQD,104.85,104.86,104.85,104.85769592958823,-0.25710364550235454,0.9536979638553351,-8.733940367467767,-8.219733076465278,298894.0,
2026-09-23 09:32:25,VCIT,79.77,79.78,79.775,79.79642890677246,-2.6854468384163166,1.2535255405835306,-11.312041294898371,-5.941147618064628,161576.0,
2026-09-23 09:32:25,HYG,78.55,78.56,78.555,78.52674957549006,3.597554293621741,1.272993444084414,-5.0391714115725,-12.234279998815982,159270.0,
2026-09-23 09:32:25,AGG,96.06,96.07,96.07,96.05185849335682,1.3681678677857079,1.0409618487472967,-7.1523842671137245,-9.88872000268736,121039.0,
2026-09-23 09:32:25,TIP,105.44,105.46,105.46,105.44588141468256,0.3905875945253712,1.8966334755804668,-8.557766183340025,-9.338941372390767,12784.0,
2026-09-23 09:32:25,MUB,102.7,102.72,102.71,102.7173526035187,-0.7158092895054313,1.9472300652318195,-9.689354629853534,-8.257736050841562,342264.0,
2026-09-23 09:32:36,SPY,772.61,772.65,772.65,772.5202127772163,1.421156637300136,0.5177122296566742,-1.8377362650360247,-4.680049539636297,964664.0,
2026-09-23 09:32:36,QQQ,745.62,745.66,745.6,745.2410759084181,5.352953621022838,0.5364519070860418,2.0845840873714465,-8.62132315467423,1462552.0,EX-DIV?
2026-09-23 09:32:36,XLK,195.88,195.95,195.94,195.85421359953082,3.103655487006751,3.572978077227021,-1.6833880162562238,-7.890698990271947,495807.0,EX-DIV?
2026-09-23 09:32:36,XLF,54.74,54.75,54.7336,54.76419674646406,-3.5053461211032033,1.8266508356923938,-7.41835138677904,-0.4076591445715234,2157548.0,EX-DIV?
2026-09-23 09:32:36,XLE,62.22,62.24,62.24,62.24210908221951,-1.9454807039887,3.213883978788868,-6.552110065920822,-2.661148657941201,1945499.0,EX-DIV?
2026-09-23 09:32:36,XLV,170.46,170.49,170.48,170.4549170354892,1.1781980162317574,1.7597888253410254,-2.7018000654236403,-5.058196097887155,387855.0,EX-DIV?
2026-09-23 09:32:36,IWM,285.7,285.73,285.698,285.50226595400494,7.45122093109174,1.049997375007597,3.9258310554665137,-10.976610806716966,1135843.0,EX-DIV?
2026-09-23 09:32:36,AAPU,,,46.29,46.37938512435615,-19.272597969223206,,-22.272597969223206,16.272597969223206,117577.0,BUY ETF / SELL AAPL
2026-09-23 09:32:36,TLT,81.47,81.48,81.48,81.46470494265208,1.2637445081487009,1.227370359006458,-7.350018225481307,-9.877507241778709,1035155.0,
2026-09-23 09:32:36,IEF,90.95,90.96,90.96,90.97226810664817,-1.8981725978217678,1.0994447803849052,-10.447790641216807,-6.651445445573271,93283.0,
2026-09-23 09:32:36,SHY,81.27,81.28,81.275,81.27653913765381,-0.18937047149614195,1.2303906490316967,-8.804554146029979,-8.425813203035474,421962.0,
2026-09-23 09:32:36,LQD,104.85,104.86,104.85,104.85769592958823,-0.25710364550235454,0.9536979638553351,-8.733940367467767,-8.219733076465278,314635.0,
2026-09-23 09:32:36,VCIT,79.77,79.78,79.775,79.79642890677246,-2.6854468384163166,1.2535255405835306,-11.312041294898371,-5.941147618064628,172764.0,
2026-09-23 09:32:36,HYG,78.55,78.56,78.555,78.52674957549006,3.597554293621741,1.272993444084414,-5.0391714115725,-12.234279998815982,181167.0,
2026-09-23 09:32:36,AGG,96.06,96.07,96.07,96.05185849335682,1.3681678677857079,1.0409618487472967,-7.1523842671137245,-9.88872000268736,121423.0,
2026-09-23 09:32:36,TIP,105.44,105.46,105.46,105.44588141468256,0.3905875945253712,1.8966334755804668,-8.557766183340025,-9.338941372390767,12786.0,
2026-09-23 09:32:36,MUB,102.7,102.72,102.71,102.7173526035187,-0.7158092895054313,1.9472300652318195,-9.689354629853534,-8.257736050841562,343685.0,
2026-09-23 09:32:46,SPY,772.6,772.62,772.6,772.6869722574168,-0.9961635200328445,0.2588628156506104,-4.125582034373629,-2.13325499430794,980892.0,
2026-09-23 09:32:46,QQQ,745.1,745.16,745.16,745.6902311145855,-7.512920127008549,0.8052286178243452,-10.915231955006874,4.110608299011334,1485189.0,EX-DIV?
2026-09-23 09:32:46,XLK,195.88,195.95,195.94,195.93473319116893,-1.0071308362502585,3.572978077227021,-5.7934399520446185,-3.779178279541881,500392.0,EX-DIV?
2026-09-23 09:32:46,XLF,54.74,54.75,54.7336,54.76300678214482,-3.288128830553072,1.8266508356923938,-7.201153935236013,-0.6248962741287585,2209082.0,EX-DIV?
2026-09-23 09:32:46,XLE,62.25,62.26,62.26,62.181227244528756,11.864152372085268,1.60629668299703,8.060051163158668,-15.668253581014088,1992797.0,EX-DIV?
2026-09-23 09:32:46,XLV,170.46,170.49,170.48,170.5080458745786,-1.9380830041826336,1.7597888253410254,-5.8178068860129635,-1.941640877646586,398605.0,EX-DIV?
2026-09-23 09:32:46,IWM,285.7,285.73,285.698,285.50226595400494,7.45122093109174,1.049997375007597,3.9258310554665137,-10.976610806716966,1147155.0,EX-DIV?
2026-09-23 09:32:46,AAPU,,,46.29,46.47210023841059,-39.1848523041527,,-42.1848523041527,36.1848523041527,117580.0,BUY ETF / SELL AAPL
2026-09-23 09:32:46,TLT,81.45,81.46,81.4511,81.46470494265208,-1.1913064263735507,1.2276717205807999,-9.805069160003558,-7.422456307256457,1045034.0,
2026-09-23 09:32:46,IEF,90.94,90.95,90.94,90.97226810664817,-2.9974086846129566,1.0995656715602964,-11.547026728007996,-5.552209358783193,94398.0,
2026-09-23 09:32:46,SHY,81.27,81.28,81.275,81.27653913765381,-0.18937047149614195,1.2303906490316967,-8.804554146029979,-8.425813203035474,422559.0,
2026-09-23 09:32:46,LQD,104.85,104.86,104.85,104.83346552254707,2.0541606008706026,0.9536979638553351,-6.422786333496237,-10.531107535237442,421184.0,
2026-09-23 09:32:46,VCIT,79.77,79.78,79.775,79.7810717974497,-0.7610573927996356,1.2535255405835306,-9.387772462848602,-7.8656576772471105,172828.0,
2026-09-23 09:32:46,HYG,78.55,78.56,78.555,78.52674957549006,3.597554293621741,1.272993444084414,-5.0391714115725,-12.234279998815982,183555.0,
2026-09-23 09:32:46,AGG,96.06,96.07,96.07,96.05185849335682,1.3681678677857079,1.0409618487472967,-7.1523842671137245,-9.88872000268736,124341.0,
2026-09-23 09:32:46,TIP,105.44,105.46,105.46,105.44588141468256,0.3905875945253712,1.8966334755804668,-8.557766183340025,-9.338941372390767,12786.0,
2026-09-23 09:32:46,MUB,102.7,102.72,102.71,102.7173526035187,-0.7158092895054313,1.9472300652318195,-9.689354629853534,-8.257736050841562,344675.0,
2026-09-23 09:32:57,SPY,772.6,772.62,772.6,772.7463665590814,-1.7647001006104723,0.2588628156506104,-4.894108667674921,-1.364708466452866,994281.0,
2026-09-23 09:32:57,QQQ,745.1,745.16,745.16,745.689810560082,-7.507284559267191,0.8052286178243452,-10.909596614160685,4.104972504373697,1571691.0,EX-DIV?
2026-09-23 09:32:57,XLK,195.88,195.95,195.94,196.0254340794445,-5.6336607523976845,3.572978077227021,-10.419143343693202,0.848178161102167,504220.0,EX-DIV?
2026-09-23 09:32:57,XLF,54.73,54.74,54.735,54.76611607234899,-5.681628455793675,1.8269845619813858,-9.594601724410065,1.768655187176174,2238963.0,EX-DIV?
2026-09-23 09:32:57,XLE,62.25,62.26,62.26,62.21936816677006,5.726807307722126,1.60629668299703,1.9231990186449082,-9.530415596801564,2043651.0,EX-DIV?
2026-09-23 09:32:57,XLV,170.46,170.49,170.48,170.49896251935542,-1.4054349071290773,1.7597888253410254,-5.28520565636825,-2.474335842108985,401426.0,EX-DIV?
2026-09-23 09:32:57,IWM,285.7,285.73,285.698,285.50226595400494,7.45122093109174,1.049997375007597,3.9258310554665137,-10.976610806716966,1158334.0,EX-DIV?
2026-09-23 09:32:57,AAPU,,,46.29,46.44579249448124,-33.542864942986974,,-36.542864942986974,30.542864942986974,117980.0,BUY ETF / SELL AAPL
2026-09-23 09:32:57,TLT,81.45,81.46,81.4511,81.46470494265208,-1.1913064263735507,1.2276717205807999,-9.805069160003558,-7.422456307256457,1048870.0,
2026-09-23 09:32:57,IEF,90.95,90.96,90.96,90.97226810664817,-1.8981725978217678,1.0994447803849052,-10.447790641216807,-6.651445445573271,102636.0,
2026-09-23 09:32:57,SHY,81.27,81.28,81.275,81.27653913765381,-0.18937047149614195,1.2303906490316967,-8.804554146029979,-8.425813203035474,424787.0,
2026-09-23 09:32:57,LQD,104.85,104.86,104.85,104.85769592958823,-0.25710364550235454,0.9536979638553351,-8.733940367467767,-8.219733076465278,425605.0,
2026-09-23 09:32:57,VCIT,79.77,79.78,79.775,79.79642890677246,-2.6854468384163166,1.2535255405835306,-11.312041294898371,-5.941147618064628,173549.0,
2026-09-23 09:32:57,HYG,78.55,78.56,78.555,78.52674957549006,3.597554293621741,1.272993444084414,-5.0391714115725,-12.234279998815982,199886.0,
2026-09-23 09:32:57,AGG,96.06,96.07,96.07,96.05185849335682,1.3681678677857079,1.0409618487472967,-7.1523842671137245,-9.88872000268736,130162.0,
2026-09-23 09:32:57,TIP,105.44,105.46,105.46,105.44588141468256,0.3905875945253712,1.8966334755804668,-8.557766183340025,-9.338941372390767,13042.0,
2026-09-23 09:32:57,MUB,102.7,102.72,102.71,102.7173526035187,-0.7158092895054313,1.9472300652318195,-9.689354629853534,-8.257736050841562,346775.0,
2026-09-23 09:33:07,SPY,772.6,772.62,772.6,772.8547337901584,-3.1666208338820834,0.2588628156506104,-6.296011255687903,0.037230412076263875,1005117.0,
2026-09-23 09:33:07,QQQ,745.1,745.16,745.16,745.5136382127845,-5.14595834496312,0.8052286178243452,-8.5483654702293,1.7435512196969398,1580616.0,EX-DIV?
2026-09-23 09:33:07,XLK,195.94,195.97,196.0,195.98692370724248,-1.6288692448784836,1.5309637416754427,-5.394226428726887,-2.13648793897325,506752.0,EX-DIV?
2026-09-23 09:33:07,XLF,54.73,54.74,54.735,54.78111902618045,-8.418781324712743,1.8269845619813858,-12.33150455652787,4.506058092897616,2275672.0,EX-DIV?
2026-09-23 09:33:07,XLE,62.25,62.26,62.26,62.21021895785211,7.1983418316245995,1.60629668299703,3.3946153564953256,-11.002068306753873,2081393.0,EX-DIV?
2026-09-23 09:33:07,XLV,170.46,170.49,170.48,170.60029767423765,-7.344516741517593,1.7597888253410254,-11.223764914264686,3.4652685687727196,411319.0,EX-DIV?
2026-09-23 09:33:07,IWM,285.7,285.73,285.698,285.50226595400494,7.45122093109174,1.049997375007597,3.9258310554665137,-10.976610806716966,1197407.0,EX-DIV?
2026-09-23 09:33:07,AAPU,,,46.29,46.475683955849874,-39.95292592708588,,-42.95292592708588,36.95292592708588,118186.0,BUY ETF / SELL AAPL
2026-09-23 09:33:07,TLT,81.45,81.46,81.4511,81.46470494265208,-1.1913064263735507,1.2276717205807999,-9.805069160003558,-7.422456307256457,1050142.0,
2026-09-23 09:33:07,IEF,90.94,90.95,90.94,90.97226810664817,-2.9974086846129566,1.0995656715602964,-11.547026728007996,-5.552209358783193,102648.0,
2026-09-23 09:33:07,SHY,81.27,81.28,81.275,81.27653913765381,-0.18937047149614195,1.2303906490316967,-8.804554146029979,-8.425813203035474,424787.0,
2026-09-23 09:33:07,LQD,104.85,104.86,104.85,104.83346552254707,2.0541606008706026,0.9536979638553351,-6.422786333496237,-10.531107535237442,442108.0,
2026-09-23 09:33:07,VCIT,79.77,79.78,79.775,79.7810717974497,-0.7610573927996356,1.2535255405835306,-9.387772462848602,-7.8656576772471105,186702.0,
2026-09-23 09:33:07,HYG,78.53,78.54,78.54,78.52674957549006,1.0506514728469973,1.2733176290832262,-7.586074232345023,-9.687377178041238,200197.0,
2026-09-23 09:33:07,AGG,96.06,96.07,96.07,96.05185849335682,1.3681678677857079,1.0409618487472967,-7.1523842671137245,-9.88872000268736,258543.0,
2026-09-23 09:33:07,TIP,105.44,105.46,105.46,105.44588141468256,0.3905875945253712,1.8966334755804668,-8.557766183340025,-9.338941372390767,13043.0,
2026-09-23 09:33:07,MUB,102.7,102.72,102.71,102.7173526035187,-0.7158092895054313,1.9472300652318195,-9.689354629853534,-8.257736050841562,348075.0,
2026-09-23 09:33:17,SPY,772.6,772.62,772.6,772.9485713688315,-4.380257385454556,0.2588628156506104,-7.509632098991245,1.2508826719167558,1015752.0,
2026-09-23 09:33:17,QQQ,745.1,745.16,745.16,745.638175206549,-6.815305646177272,0.8052286178243452,-10.217645561131691,3.4129657312217425,1596277.0,EX-DIV?
2026-09-23 09:33:17,XLK,195.94,195.97,196.0,196.0481273326728,-4.750228116935373,1.5309637416754427,-8.51534636642148,0.9851098674481555,511966.0,EX-DIV?
2026-09-23 09:33:17,XLF,54.73,54.74,54.735,54.771935574595176,-6.743521879900571,1.8269845619813858,-10.656398145372556,2.8306456144274765,2339500.0,EX-DIV?
2026-09-23 09:33:17,XLE,62.22,62.25,62.23,62.25373371408426,-3.0092514884816346,4.820438659918235,-8.418745522829393,-2.4002425458672345,2101765.0,EX-DIV?
2026-09-23 09:33:17,XLV,170.6,170.69,170.66,170.70107264542017,-3.2848443510757885,5.274107064373608,-8.921031652221798,-2.351342950072441,431851.0,EX-DIV?
2026-09-23 09:33:17,IWM,285.7,285.73,285.698,285.42812834702335,10.050574014481839,1.049997375007597,6.525047673160092,-13.576100355801366,1215066.0,EX-DIV?
2026-09-23 09:33:17,AAPU,46.51,46.6,46.43,46.53964788226637,3.298718067756834,19.331972935238625,-9.370456936283242,-15.9678930717958,118191.0,
2026-09-23 09:33:17,TLT,81.45,81.46,81.4511,81.43287519462147,2.716937763236338,1.2276717205807999,-5.897064872436346,-11.330940398911242,1051715.0,
2026-09-23 09:33:17,IEF,90.93,90.94,90.935,90.95018200154796,-1.669265658830188,1.099686589321043,-10.219017170037585,-6.880485852377209,103803.0,
2026-09-23 09:33:17,SHY,81.27,81.28,81.2701,81.27653913765381,-0.18937047149614195,1.2303906490316967,-8.804554146029979,-8.425813203035474,425136.0,
2026-09-23 09:33:17,LQD,104.82,104.83,104.83,104.82740792078677,-0.22970336046035378,0.9539709038879196,-8.706677855888405,-8.247271134967697,458078.0,
2026-09-23 09:33:17,VCIT,79.75,79.76,79.755,79.77723252011901,-2.7868251901830288,1.2538398846473722,-11.413570420877088,-5.8399200405121405,211765.0,
2026-09-23 09:33:17,HYG,78.53,78.54,78.54,78.50989658437125,3.197484230763603,1.2733176290832262,-5.439378154429068,-11.834346615958495,214759.0,
2026-09-23 09:33:17,AGG,96.05,96.06,96.06,96.04489028940705,1.0526026488744122,1.0410702201868842,-7.46798725288355,-9.573192550632374,259741.0,
2026-09-23 09:33:17,TIP,105.44,105.46,105.46,105.44588141468256,0.3905875945253712,1.8966334755804668,-8.557766183340025,-9.338941372390767,13093.0,
2026-09-23 09:33:17,MUB,102.69,102.71,102.7,102.70647013802494,-0.6299640145612795,1.947419668938269,-9.60361250881369,-8.343684479693351,348279.0,
2026-09-23 09:33:27,SPY,772.6,772.62,772.6,772.927535324314,-4.108215968535722,0.2588628156506104,-7.237594203143624,0.9788377339278203,1029517.0,
2026-09-23 09:33:27,QQQ,745.1,745.16,745.16,745.5174725284368,-5.197363478587347,0.8052286178243452,-8.59976853420907,1.7949584229656228,1613361.0,EX-DIV?
2026-09-23 09:33:27,XLK,195.94,195.97,196.0,196.04022012995003,-4.347073773613985,1.5309637416754427,-8.112222883835171,0.581924663391689,514496.0,EX-DIV?
2026-09-23 09:33:27,XLF,54.73,54.74,54.735,54.78140522550099,-8.47098122254586,1.8269845619813858,-12.383699685940883,4.558262759150836,2441941.0,EX-DIV?
2026-09-23 09:33:27,XLE,62.22,62.25,62.23,62.266472183383556,-5.0544349599357385,4.820438659918235,-10.463436060211048,-0.35456614033957123,2158055.0,EX-DIV?
2026-09-23 09:33:27,XLV,170.6,170.69,170.66,170.65125619225236,-0.3666068678298551,5.274107064373608,-6.003563723821268,-5.270349988164888,435958.0,EX-DIV?
2026-09-23 09:33:27,IWM,285.7,285.73,285.698,285.42812834702335,10.050574014481839,1.049997375007597,6.525047673160092,-13.576100355801366,1242515.0,EX-DIV?
2026-09-23 09:33:27,AAPU,46.51,46.6,46.43,46.59239911699778,-8.026870843004241,19.331972935238625,-20.685098548128053,-4.631356862121791,118341.0,
2026-09-23 09:33:27,TLT,81.45,81.46,81.4511,81.43287519462147,2.716937763236338,1.2276717205807999,-5.897064872436346,-11.330940398911242,1055307.0,
2026-09-23 09:33:27,IEF,90.93,90.94,90.935,90.95018200154796,-1.669265658830188,1.099686589321043,-10.219017170037585,-6.880485852377209,103830.0,
2026-09-23 09:33:27,SHY,81.27,81.28,81.2701,81.27653913765381,-0.18937047149614195,1.2303906490316967,-8.804554146029979,-8.425813203035474,425150.0,
2026-09-23 09:33:27,LQD,104.82,104.83,104.83,104.82740792078677,-0.22970336046035378,0.9539709038879196,-8.706677855888405,-8.247271134967697,488452.0,
2026-09-23 09:33:27,VCIT,79.75,79.76,79.755,79.77723252011901,-2.7868251901830288,1.2538398846473722,-11.413570420877088,-5.8399200405121405,220971.0,
2026-09-23 09:33:27,HYG,78.53,78.54,78.54,78.50989658437125,3.197484230763603,1.2733176290832262,-5.439378154429068,-11.834346615958495,215540.0,
2026-09-23 09:33:27,AGG,96.05,96.06,96.06,96.04489028940705,1.0526026488744122,1.0410702201868842,-7.46798725288355,-9.573192550632374,260051.0,
2026-09-23 09:33:27,TIP,105.44,105.45,105.445,105.44588141468256,-0.0835892944084371,0.9483617051548311,-8.557766183340025,-8.390587594525371,13093.0,
2026-09-23 09:33:27,MUB,102.69,102.71,102.7,102.70647013802494,-0.6299640145612795,1.947419668938269,-9.60361250881369,-8.343684479693351,348879.0,
2026-09-23 09:33:38,SPY,772.78,772.81,772.8,772.9897258631397,-2.5191261490875583,0.3882012694177979,-5.7131778873978885,-0.6749255892238821,1039541.0,
2026-09-23 09:33:38,QQQ,745.34,745.39,745.39,745.5341193588044,-2.2684321805399588,0.6708122865972311,-5.603762239230534,-1.066897878149506,1628197.0,EX-DIV?
2026-09-23 09:33:38,XLK,195.94,195.97,196.0,196.05986272712565,-5.348505587378094,1.5309637416754427,-9.113578039809164,1.5834331349459134,515833.0,EX-DIV?
2026-09-23 09:33:38,XLF,54.73,54.74,54.735,54.78155029253785,-8.49743979300821,1.8269845619813858,-12.410155839433276,4.584723746584254,2492330.0,EX-DIV?
2026-09-23 09:33:38,XLE,62.22,62.25,62.23,62.274060005356425,-6.272275382890324,4.820438659918235,-11.680982956912331,0.8635678088683179,2182873.0,EX-DIV?
2026-09-23 09:33:38,XLV,170.6,170.69,170.66,170.6707019539721,-1.505938258755668,5.274107064373608,-7.142594666961541,-4.130718149451315,437566.0,EX-DIV?
2026-09-23 09:33:38,IWM,285.46,285.48,285.46,285.42812834702335,1.4669771062569836,0.7005990121567468,-1.8833737879589947,-4.8173280004707415,1253902.0,EX-DIV?
2026-09-23 09:33:38,AAPU,46.51,46.6,46.43,46.64821823105225,-19.98323507031552,19.331972935238625,-32.62990576995783,7.336564370673207,119104.0,BUY ETF / SELL AAPL
2026-09-23 09:33:38,TLT,81.44,81.45,81.45,81.43287519462147,1.4889324918887503,1.2278224568733642,-7.125070143783933,-10.102935127563654,1069198.0,
2026-09-23 09:33:38,IEF,90.93,90.94,90.935,90.95018200154796,-1.669265658830188,1.099686589321043,-10.219017170037585,-6.880485852377209,104116.0,
2026-09-23 09:33:38,SHY,81.27,81.28,81.2701,81.27653913765381,-0.18937047149614195,1.2303906490316967,-8.804554146029979,-8.425813203035474,425392.0,
2026-09-23 09:33:38,LQD,104.82,104.83,104.83,104.82740792078677,-0.22970336046035378,0.9539709038879196,-8.706677855888405,-8.247271134967697,526403.0,
2026-09-23 09:33:38,VCIT,79.75,79.76,79.755,79.77723252011901,-2.7868251901830288,1.2538398846473722,-11.413570420877088,-5.8399200405121405,245252.0,
2026-09-23 09:33:38,HYG,78.53,78.54,78.54,78.50989658437125,3.197484230763603,1.2733176290832262,-5.439378154429068,-11.834346615958495,216240.0,
2026-09-23 09:33:38,AGG,96.05,96.06,96.06,96.04489028940705,1.0526026488744122,1.0410702201868842,-7.46798725288355,-9.573192550632374,264343.0,
2026-09-23 09:33:38,TIP,105.44,105.45,105.445,105.44588141468256,-0.0835892944084371,0.9483617051548311,-8.557766183340025,-8.390587594525371,13134.0,
2026-09-23 09:33:38,MUB,102.69,102.71,102.7,102.70647013802494,-0.6299640145612795,1.947419668938269,-9.60361250881369,-8.343684479693351,354957.0,
2026-09-23 09:33:48,SPY,772.78,772.81,772.8,772.8690055396422,-0.9575431167740955,0.3882012694177979,-4.151625165510817,-2.2365389319615154,1044610.0,
2026-09-23 09:33:48,QQQ,745.34,745.39,745.39,745.4328562322731,-0.9102930157400824,0.6708122865972311,-4.245668627251062,-2.4250825957720075,1647435.0,EX-DIV?
2026-09-23 09:33:48,XLK,195.94,195.97,196.0,196.00334671657777,-2.4666270952855562,1.5309637416754427,-6.2319201502906125,-1.2986659597206103,519542.0,EX-DIV?
2026-09-23 09:33:48,XLF,54.73,54.74,54.735,54.767369617557215,-5.910383825853405,1.8269845619813858,-9.823336197844254,1.9974314538625553,2527030.0,EX-DIV?
2026-09-23 09:33:48,XLE,62.22,62.25,62.23,62.25643690696455,-3.443323779770413,4.820438659918235,-8.852713193176262,-1.966065633635436,2193617.0,EX-DIV?
2026-09-23 09:33:48,XLV,170.6,170.69,170.66,170.65416840042312,-0.5372503062228695,5.274107064373608,-6.174162162626892,-5.099661550183374,437860.0,EX-DIV?
2026-09-23 09:33:48,IWM,285.46,285.48,285.46,285.42812834702335,1.4669771062569836,0.7005990121567468,-1.8833737879589947,-4.8173280004707415,1267047.0,EX-DIV?
2026-09-23 09:33:48,AAPU,46.51,46.6,46.43,46.616453462840326,-13.182783818874722,19.331972935238625,-25.836027825494654,0.5295398122558996,120104.0,
2026-09-23 09:33:48,TLT,81.44,81.45,81.45,81.43287519462147,1.4889324918887503,1.2278224568733642,-7.125070143783933,-10.102935127563654,1074293.0,
2026-09-23 09:33:48,IEF,90.93,90.94,90.935,90.95018200154796,-1.669265658830188,1.099686589321043,-10.219017170037585,-6.880485852377209,104625.0,
2026-09-23 09:33:48,SHY,81.27,81.28,81.2701,81.27653913765381,-0.18937047149614195,1.2303906490316967,-8.804554146029979,-8.425813203035474,425610.0,
2026-09-23 09:33:48,LQD,104.82,104.83,104.83,104.82740792078677,-0.22970336046035378,0.9539709038879196,-8.706677855888405,-8.247271134967697,567848.0,
2026-09-23 09:33:48,VCIT,79.75,79.76,79.755,79.77723252011901,-2.7868251901830288,1.2538398846473722,-11.413570420877088,-5.8399200405121405,284971.0,
2026-09-23 09:33:48,HYG,78.53,78.54,78.54,78.50989658437125,3.197484230763603,1.2733176290832262,-5.439378154429068,-11.834346615958495,216240.0,
2026-09-23 09:33:48,AGG,96.05,96.06,96.06,96.04489028940705,1.0526026488744122,1.0410702201868842,-7.46798725288355,-9.573192550632374,264668.0,
2026-09-23 09:33:48,TIP,105.44,105.45,105.445,105.44588141468256,-0.0835892944084371,0.9483617051548311,-8.557766183340025,-8.390587594525371,13484.0,
2026-09-23 09:33:48,MUB,102.69,102.71,102.7,102.70647013802494,-0.6299640145612795,1.947419668938269,-9.60361250881369,-8.343684479693351,355157.0,
2026-09-23 09:33:58,SPY,772.78,772.81,772.8,772.9151487485458,-1.5544882092211054,0.3882012694177979,-4.74855867121515,-1.6395822527729393,1074767.0,
2026-09-23 09:33:58,QQQ,745.34,745.39,745.39,745.5529733976017,-2.521261457050228,0.6708122865972311,-5.856583035690807,-0.8140601215892413,1654002.0,EX-DIV?
2026-09-23 09:33:58,XLK,196.08,196.11,196.085,196.072408408882,1.152206539478673,1.5298707259237172,-2.612816959835282,-4.917230038792628,520964.0,EX-DIV?
2026-09-23 09:33:58,XLF,54.73,54.74,54.735,54.74713328801855,-2.216241707985178,1.8269845619813858,-6.129531537006125,-1.6970481210357686,2589244.0,EX-DIV?
2026-09-23 09:33:58,XLE,62.22,62.25,62.23,62.25874508118122,-3.8139350785593162,4.820438659918235,-9.223235166513685,-1.5953650093950529,2217950.0,EX-DIV?
2026-09-23 09:33:58,XLV,170.6,170.69,170.66,170.62641605550493,1.0891598689499737,5.274107064373608,-4.548180880523997,-6.726500618426165,440655.0,EX-DIV?
2026-09-23 09:33:58,IWM,285.46,285.48,285.46,285.42812834702335,1.4669771062569836,0.7005990121567468,-1.8833737879589947,-4.8173280004707415,1293709.0,EX-DIV?
2026-09-23 09:33:58,AAPU,46.51,46.6,46.43,46.610046210448864,-11.809945478347128,19.331972935238625,-24.46451646864889,-0.8446255119546304,121047.0,
2026-09-23 09:33:58,TLT,81.44,81.45,81.45,81.43287519462147,1.4889324918887503,1.2278224568733642,-7.125070143783933,-10.102935127563654,1074851.0,
2026-09-23 09:33:58,IEF,90.93,90.94,90.935,90.95018200154796,-1.669265658830188,1.099686589321043,-10.219017170037585,-6.880485852377209,104641.0,
2026-09-23 09:33:58,SHY,81.27,81.28,81.2701,81.27653913765381,-0.18937047149614195,1.2303906490316967,-8.804554146029979,-8.425813203035474,425610.0,
2026-09-23 09:33:58,LQD,104.82,104.83,104.83,104.82740792078677,-0.22970336046035378,0.9539709038879196,-8.706677855888405,-8.247271134967697,570785.0,
2026-09-23 09:33:58,VCIT,79.75,79.76,79.755,79.77723252011901,-2.7868251901830288,1.2538398846473722,-11.413570420877088,-5.8399200405121405,285081.0,
2026-09-23 09:33:58,HYG,78.53,78.54,78.535,78.50989658437125,3.197484230763603,1.2733176290832262,-5.439378154429068,-11.834346615958495,235754.0,
2026-09-23 09:33:58,AGG,96.05,96.06,96.06,96.04489028940705,1.0526026488744122,1.0410702201868842,-7.46798725288355,-9.573192550632374,264668.0,
2026-09-23 09:33:58,TIP,105.44,105.45,105.445,105.44588141468256,-0.0835892944084371,0.9483617051548311,-8.557766183340025,-8.390587594525371,13485.0,
2026-09-23 09:33:58,MUB,102.69,102.71,102.7,102.70647013802494,-0.6299640145612795,1.947419668938269,-9.60361250881369,-8.343684479693351,355368.0,
2026-09-23 09:34:09,SPY,772.78,772.81,772.8,772.8983572916187,-1.337268874278541,0.3882012694177979,-4.531343552514386,-1.8568058039561937,1088525.0,
2026-09-23 09:34:09,QQQ,745.34,745.39,745.39,745.7308008879916,-4.905267256709589,0.6708122865972311,-8.240508874331251,1.5700256390879268,1663433.0,EX-DIV?
2026-09-23 09:34:09,XLK,196.08,196.11,196.085,196.06457931430307,1.551564581596665,1.5298707259237172,-2.2134894660278377,-5.316618629218947,521934.0,EX-DIV?
2026-09-23 09:34:09,XLF,54.73,54.74,54.735,54.74233511984844,-1.3399355055609963,1.8269845619813858,-5.253305384477544,-2.5734343733555516,2618546.0,EX-DIV?
2026-09-23 09:34:09,XLE,62.23,62.25,62.23,62.25334835626672,-2.144198925708718,3.2133676092550014,-6.75053822536664,-2.4621403739514243,2233044.0,EX-DIV?
2026-09-23 09:34:09,XLV,170.55,170.64,170.59,170.521098190987,4.333880663272005,5.275652862040211,-1.3050889702429487,-9.97285029678918,448980.0,EX-DIV?
2026-09-23 09:34:09,IWM,285.46,285.48,285.46,285.42812834702335,1.4669771062569836,0.7005990121567468,-1.8833737879589947,-4.8173280004707415,1309761.0,EX-DIV?
2026-09-23 09:34:09,AAPU,46.51,46.6,46.43,46.45257983811626,22.048325892913834,19.331972935238625,9.36102754332391,-34.73562424250598,122919.0,SELL ETF / BUY AAPL
2026-09-23 09:34:09,TLT,81.44,81.45,81.45,81.43287519462147,1.4889324918887503,1.2278224568733642,-7.125070143783933,-10.102935127563654,1078503.0,
2026-09-23 09:34:09,IEF,90.93,90.94,90.935,90.95018200154796,-1.669265658830188,1.099686589321043,-10.219017170037585,-6.880485852377209,104762.0,
2026-09-23 09:34:09,SHY,81.27,81.28,81.2701,81.27639378359913,-0.17148688988832816,1.2303906490316967,-8.786671664612104,-8.443697884833227,425641.0,
2026-09-23 09:34:09,LQD,104.8,104.81,104.805,104.82740792078677,-2.1376013421692264,0.9541529507184882,-10.614575837598387,-6.339373153257714,599217.0,
2026-09-23 09:34:09,VCIT,79.74,79.75,79.745,79.77723252011901,-4.040315651571147,1.253997115807275,-12.667060882267426,-4.586429579122912,303593.0,
2026-09-23 09:34:09,HYG,78.53,78.54,78.535,78.50989658437125,3.197484230763603,1.2733176290832262,-5.439378154429068,-11.834346615958495,236584.0,
2026-09-23 09:34:09,AGG,96.04,96.05,96.0459,96.04489028940705,0.011422845360709033,1.0411786141903177,-8.509167056395032,-8.53201274711645,265277.0,
2026-09-23 09:34:09,TIP,105.44,105.45,105.445,105.40505835838216,3.7893477068262627,0.9483617051548311,-4.6850128293627264,-12.263708243017472,13485.0,
2026-09-23 09:34:09,MUB,102.65,102.67,102.6684,102.70647013802494,-4.524557991574252,1.9481784531459208,-13.498206485827772,-4.449090502679269,357897.0,
2026-09-23 09:34:18,SPY,772.78,772.81,772.8,772.614247681831,2.3394898387052443,0.3882012694177979,-0.8546562056513913,-5.5336358830596595,1109352.0,
2026-09-23 09:34:18,QQQ,745.34,745.39,745.39,745.5693420858464,-2.740752258867385,0.6708122865972311,-6.0760664756512845,-0.5945619579165147,1674647.0,EX-DIV?
2026-09-23 09:34:18,XLK,196.08,196.11,196.085,196.0378407621832,2.915724718992596,1.5298707259237172,-0.849433678065445,-6.680883116048417,524839.0,EX-DIV?
2026-09-23 09:34:18,XLF,54.73,54.74,54.735,54.71325567321702,3.974233760251078,1.8269845619813858,0.060378436074984165,-7.888089084429392,2661766.0,EX-DIV?
2026-09-23 09:34:18,XLE,62.23,62.25,62.23,62.22846319312412,1.8539437234799117,3.2133676092550014,-2.7530379512822307,-6.4609253982442745,2264828.0,EX-DIV?
2026-09-23 09:34:18,XLV,170.55,170.64,170.59,170.45954412556733,7.946511597665129,5.275652862040211,2.306589014812957,-13.586434180519522,450274.0,EX-DIV?
2026-09-23 09:34:18,IWM,285.46,285.48,285.46,285.15629045475725,11.001319477907945,0.7005990121567468,7.650634596149899,-14.35200435966377,1323393.0,EX-DIV?
2026-09-23 09:34:18,AAPU,46.35,46.43,46.45,46.36705930831494,4.94762704973617,17.24509592584572,-6.679187028339248,-16.574441127812698,127870.0,
2026-09-23 09:34:18,TLT,81.44,81.45,81.45,81.43287519462147,1.4889324918887503,1.2278224568733642,-7.125070143783933,-10.102935127563654,1116104.0,
2026-09-23 09:34:18,IEF,90.92,90.93,90.92,90.95018200154796,-2.768768681244982,1.0998075336821682,-11.3185201924546,-5.780982829962415,105664.0,
2026-09-23 09:34:18,SHY,81.27,81.28,81.2701,81.27639378359913,-0.17148688988832816,1.2303906490316967,-8.786671664612104,-8.443697884833227,430359.0,
2026-09-23 09:34:18,LQD,104.8,104.81,104.805,104.80923511550589,-0.4040784670555908,0.9541529507184882,-8.881135664783095,-8.072978730669693,602132.0,
2026-09-23 09:34:18,VCIT,79.74,79.75,79.745,79.76571468812695,-2.5969413309889777,1.253997115807275,-11.223777061046595,-6.02989439906753,303711.0,
2026-09-23 09:34:18,HYG,78.53,78.54,78.535,78.50989658437125,3.197484230763603,1.2733176290832262,-5.439378154429068,-11.834346615958495,400277.0,
2026-09-23 09:34:18,AGG,96.04,96.05,96.0459,96.02398567755782,2.188445136275252,1.0411786141903177,-6.332258098934222,-10.709148371484726,265322.0,
2026-09-23 09:34:18,TIP,105.44,105.45,105.445,105.40505835838216,3.7893477068262627,0.9483617051548311,-4.6850128293627264,-12.263708243017472,13485.0,
2026-09-23 09:34:18,MUB,102.65,102.67,102.6684,102.67382274154365,-1.346277091333059,1.9481784531459208,-10.320235178503438,-7.62768099583954,365270.0,
2026-09-23 09:34:30,SPY,772.56,772.57,772.58,772.6149604244607,-0.646640655692643,0.12943894688608196,-3.711355944111869,-2.4180746327254727,1124358.0,
2026-09-23 09:34:30,QQQ,745.43,745.45,745.47,745.6351866533983,-2.617723209580314,0.2682979180094373,-5.751837052100692,-0.5163906329400643,1685341.0,EX-DIV?
2026-09-23 09:34:30,XLK,196.08,196.11,196.085,196.06899439225785,1.326349830210738,1.5298707259237172,-2.438686989940983,-5.0913866503602385,526731.0,EX-DIV?
2026-09-23 09:34:30,XLF,54.73,54.74,54.735,54.68708264711459,8.762097110683875,1.8269845619813858,4.847804418885662,-12.676389802482088,2711168.0,EX-DIV?
2026-09-23 09:34:30,XLE,62.23,62.25,62.23,62.20722130689382,5.269274598276308,3.2133676092550014,0.6617441878328272,-9.876805008719789,2356397.0,EX-DIV?
2026-09-23 09:34:30,XLV,170.55,170.64,170.59,170.50057432205568,5.538144274279677,5.275652862040211,-0.10114302307495393,-11.177431571634308,455196.0,EX-DIV?
2026-09-23 09:34:30,IWM,285.19,285.22,285.17,285.15629045475725,1.7081701113830228,1.0518749671299434,-1.8178572112507148,-5.23419743401676,1331779.0,EX-DIV?
2026-09-23 09:34:30,AAPU,46.35,46.43,46.45,46.353620367917586,7.848282786471206,17.24509592584572,-3.7810323959267507,-19.477597968869162,128235.0,
2026-09-23 09:34:30,TLT,81.43,81.44,81.425,81.43287519462147,0.2609272205411628,1.2279732301824653,-8.35307541513152,-8.874929856216067,1119498.0,
2026-09-23 09:34:30,IEF,90.92,90.93,90.92,90.95018200154796,-2.768768681244982,1.0998075336821682,-11.3185201924546,-5.780982829962415,106233.0,
2026-09-23 09:34:30,SHY,81.27,81.28,81.2701,81.27639378359913,-0.17148688988832816,1.2303906490316967,-8.786671664612104,-8.443697884833227,430805.0,
2026-09-23 09:34:30,LQD,104.8,104.81,104.805,104.80923511550589,-0.4040784670555908,0.9541529507184882,-8.881135664783095,-8.072978730669693,628466.0,
2026-09-23 09:34:30,VCIT,79.74,79.75,79.745,79.76571468812695,-2.5969413309889777,1.253997115807275,-11.223777061046595,-6.02989439906753,338980.0,
2026-09-23 09:34:30,HYG,78.53,78.54,78.535,78.50989658437125,3.197484230763603,1.2733176290832262,-5.439378154429068,-11.834346615958495,402069.0,
2026-09-23 09:34:30,AGG,96.04,96.05,96.0459,96.02398567755782,2.188445136275252,1.0411786141903177,-6.332258098934222,-10.709148371484726,265854.0,
2026-09-23 09:34:30,TIP,105.42,105.44,105.445,105.40505835838216,2.3662660982592953,1.8969932656735293,-6.582454974120903,-11.314987170637274,13485.0,
2026-09-23 09:34:30,MUB,102.65,102.67,102.6684,102.67382274154365,-1.346277091333059,1.9481784531459208,-10.320235178503438,-7.62768099583954,366660.0,
2026-09-23 09:34:41,SPY,772.56,772.57,772.58,772.568812377351,-0.04934676743229005,0.12943894688608196,-3.114065921505979,-3.015372386641399,1137534.0,
2026-09-23 09:34:41,QQQ,745.43,745.45,745.47,745.4997824971598,-0.8019116646751367,0.2682979180094373,-3.9360498661192818,-2.332226536766788,1705839.0,EX-DIV?
2026-09-23 09:34:41,XLK,196.08,196.11,196.085,195.96376110212043,6.69710037924931,1.5298707259237172,2.931652731394621,-10.462548027099558,528238.0,EX-DIV?
2026-09-23 09:34:41,XLF,54.73,54.74,54.735,54.69806860916406,6.751863781484513,1.8269845619813858,2.83775472295045,-10.665972840020796,2764164.0,EX-DIV?
2026-09-23 09:34:41,XLE,62.23,62.25,62.23,62.20842860481211,5.075099290554608,3.2133676092550014,0.4676000779443328,-9.682598503167103,2404567.0,EX-DIV?
2026-09-23 09:34:41,XLV,170.55,170.64,170.59,170.7256569590877,-7.653035953407716,5.275652862040211,-13.28884364637661,2.017228260438822,488803.0,EX-DIV?
2026-09-23 09:34:41,IWM,285.19,285.22,285.17,285.15629045475725,1.7081701113830228,1.0518749671299434,-1.8178572112507148,-5.23419743401676,1338717.0,EX-DIV?
2026-09-23 09:34:41,AAPU,46.35,46.43,46.45,46.27670618984547,24.481822385922225,17.24509592584572,12.838164854224956,-36.125479917619494,128840.0,SELL ETF / BUY AAPL
2026-09-23 09:34:41,TLT,81.43,81.44,81.425,81.43287519462147,0.2609272205411628,1.2279732301824653,-8.35307541513152,-8.874929856216067,1119510.0,
2026-09-23 09:34:41,IEF,90.92,90.93,90.92,90.95018200154796,-2.768768681244982,1.0998075336821682,-11.3185201924546,-5.780982829962415,106271.0,
2026-09-23 09:34:41,SHY,81.27,81.28,81.2701,81.27639378359913,-0.17148688988832816,1.2303906490316967,-8.786671664612104,-8.443697884833227,431099.0,
2026-09-23 09:34:41,LQD,104.8,104.81,104.805,104.80923511550589,-0.4040784670555908,0.9541529507184882,-8.881135664783095,-8.072978730669693,644679.0,
2026-09-23 09:34:41,VCIT,79.74,79.75,79.745,79.76571468812695,-2.5969413309889777,1.253997115807275,-11.223777061046595,-6.02989439906753,362831.0,
2026-09-23 09:34:41,HYG,78.53,78.54,78.535,78.50989658437125,3.197484230763603,1.2733176290832262,-5.439378154429068,-11.834346615958495,434109.0,
2026-09-23 09:34:41,AGG,96.04,96.05,96.0459,96.02398567755782,2.188445136275252,1.0411786141903177,-6.332258098934222,-10.709148371484726,267095.0,
2026-09-23 09:34:41,TIP,105.42,105.44,105.445,105.40505835838216,2.3662660982592953,1.8969932656735293,-6.582454974120903,-11.314987170637274,13495.0,
2026-09-23 09:34:41,MUB,102.65,102.67,102.6684,102.67382274154365,-1.346277091333059,1.9481784531459208,-10.320235178503438,-7.62768099583954,368727.0,
2026-09-23 09:34:50,SPY,772.56,772.57,772.58,772.5764486894928,-0.14818843510178148,0.12943894688608196,-3.2129069494782865,-2.916530079272503,1158722.0,
2026-09-23 09:34:50,QQQ,745.43,745.45,745.47,745.3657917118793,0.9955955712737108,0.2682979180094373,-2.138566743541734,-4.1297578860891555,1723106.0,EX-DIV?
2026-09-23 09:34:50,XLK,196.08,196.11,196.085,195.90955938486294,9.465623613229557,1.5298707259237172,5.6999641912433034,-13.23128303521359,531778.0,EX-DIV?
2026-09-23 09:34:50,XLF,54.7,54.71,54.71,54.73269458246277,-5.059970585048479,1.827986472899737,-8.973501343609078,1.14643982648788,2845596.0,EX-DIV?
2026-09-23 09:34:50,XLE,62.23,62.25,62.23,62.1889020685979,8.216567538970043,3.2133676092550014,3.6085635917434438,-12.824571486196643,2428507.0,EX-DIV?
2026-09-23 09:34:50,XLV,170.55,170.64,170.59,170.70973060298158,-6.720800423990481,5.275652862040211,-12.356854024511474,1.0847468234694873,492248.0,EX-DIV?
2026-09-23 09:34:50,IWM,285.19,285.22,285.17,285.15629045475725,1.7081701113830228,1.0518749671299434,-1.8178572112507148,-5.23419743401676,1351059.0,EX-DIV?
2026-09-23 09:34:50,AAPU,46.35,46.43,46.45,46.380986937454,1.9432666575536217,17.24509592584572,-9.680956896364387,-13.567490211472741,129523.0,
2026-09-23 09:34:50,TLT,81.43,81.44,81.425,81.43287519462147,0.2609272205411628,1.2279732301824653,-8.35307541513152,-8.874929856216067,1120369.0,
2026-09-23 09:34:50,IEF,90.92,90.93,90.92,90.95018200154796,-2.768768681244982,1.0998075336821682,-11.3185201924546,-5.780982829962415,108571.0,
2026-09-23 09:34:50,SHY,81.27,81.28,81.2701,81.27639378359913,-0.17148688988832816,1.2303906490316967,-8.786671664612104,-8.443697884833227,431539.0,
2026-09-23 09:34:50,LQD,104.8,104.81,104.805,104.80923511550589,-0.4040784670555908,0.9541529507184882,-8.881135664783095,-8.072978730669693,647650.0,
2026-09-23 09:34:50,VCIT,79.74,79.75,79.745,79.76571468812695,-2.5969413309889777,1.253997115807275,-11.223777061046595,-6.02989439906753,363337.0,
2026-09-23 09:34:50,HYG,78.53,78.54,78.535,78.50989658437125,3.197484230763603,1.2733176290832262,-5.439378154429068,-11.834346615958495,435369.0,
2026-09-23 09:34:50,AGG,96.04,96.05,96.0459,96.02398567755782,2.188445136275252,1.0411786141903177,-6.332258098934222,-10.709148371484726,267095.0,
2026-09-23 09:34:50,TIP,105.42,105.44,105.445,105.40505835838216,2.3662660982592953,1.8969932656735293,-6.582454974120903,-11.314987170637274,13509.0,
2026-09-23 09:34:50,MUB,102.65,102.67,102.6684,102.67382274154365,-1.346277091333059,1.9481784531459208,-10.320235178503438,-7.62768099583954,369761.0,
2026-09-23 09:35:01,SPY,772.56,772.57,772.58,772.4976158852777,0.8722889668089095,0.12943894688608196,-2.1924361520423403,-3.9370140856601594,1171004.0,
2026-09-23 09:35:01,QQQ,745.43,745.45,745.47,745.3189450288339,1.6242035973124125,0.2682979180094373,-1.5099671502153384,-4.758374344840163,1747988.0,EX-DIV?
2026-09-23 09:35:01,XLK,195.86,195.9,195.8796,195.8628343038357,0.876414161230521,2.0420665713698205,-3.1447086092554173,-4.8975369317209,533098.0,EX-DIV?
2026-09-23 09:35:01,XLF,54.7,54.71,54.71,54.736835893755995,-5.816173557746662,1.827986472899737,-9.729635199865802,1.9027119156253018,2871365.0,EX-DIV?
2026-09-23 09:35:01,XLE,62.19,62.2,62.2,62.25306958302062,-9.327987103218138,1.6078462898955088,-13.131160349693413,5.5248138567439735,2472958.0,EX-DIV?
2026-09-23 09:35:01,XLV,170.72,170.79,170.75,170.71473734806233,2.3584754639882632,4.099440719158629,-2.6917283171082858,-7.408679245084812,501026.0,EX-DIV?
2026-09-23 09:35:01,IWM,285.19,285.22,285.17,285.15629045475725,1.7081701113830228,1.0518749671299434,-1.8178572112507148,-5.23419743401676,1356823.0,EX-DIV?
2026-09-23 09:35:01,AAPU,46.35,46.43,46.45,46.341267402501835,10.516026045401805,17.24509592584572,-1.1155894114159821,-22.147641502219592,130178.0,
2026-09-23 09:35:01,TLT,81.43,81.44,81.425,81.43287519462147,0.2609272205411628,1.2279732301824653,-8.35307541513152,-8.874929856216067,1123111.0,
2026-09-23 09:35:01,IEF,90.92,90.93,90.92,90.95018200154796,-2.768768681244982,1.0998075336821682,-11.3185201924546,-5.780982829962415,111247.0,
2026-09-23 09:35:01,SHY,81.27,81.28,81.2701,81.27639378359913,-0.17148688988832816,1.2303906490316967,-8.786671664612104,-8.443697884833227,431553.0,
2026-09-23 09:35:01,LQD,104.8,104.81,104.805,104.80923511550589,-0.4040784670555908,0.9541529507184882,-8.881135664783095,-8.072978730669693,653453.0,
2026-09-23 09:35:01,VCIT,79.74,79.75,79.745,79.76571468812695,-2.5969413309889777,1.253997115807275,-11.223777061046595,-6.02989439906753,364049.0,
2026-09-23 09:35:01,HYG,78.54,78.55,78.545,78.50989658437125,4.471209001151166,1.273155515945115,-4.165653384041505,-13.108071386343838,437269.0,
2026-09-23 09:35:01,AGG,96.04,96.05,96.0459,96.02398567755782,2.188445136275252,1.0411786141903177,-6.332258098934222,-10.709148371484726,267507.0,
2026-09-23 09:35:01,TIP,105.42,105.44,105.445,105.40505835838216,2.3662660982592953,1.8969932656735293,-6.582454974120903,-11.314987170637274,13509.0,
2026-09-23 09:35:01,MUB,102.65,102.67,102.6684,102.67382274154365,-1.346277091333059,1.9481784531459208,-10.320235178503438,-7.62768099583954,369761.0,
2026-09-23 09:35:12,SPY,772.56,772.57,772.58,772.3285511647975,3.061505816999155,0.12943894688608196,-0.0032334703495813244,-6.126245104345671,1196179.0,
2026-09-23 09:35:12,QQQ,745.43,745.45,745.47,745.1943614122284,3.2963022869103575,0.2682979180094373,0.16210910835446057,-6.4304954654662545,1773193.0,EX-DIV?
2026-09-23 09:35:12,XLK,195.86,195.9,195.8796,195.85202133545337,1.4285614391851276,2.0420665713698205,-2.5926177073779506,-5.449740585748206,539731.0,EX-DIV?
2026-09-23 09:35:12,XLF,54.7,54.71,54.71,54.723095543035086,-3.306746969541363,1.827986472899737,-7.220437971554913,-0.6069440324721871,2911498.0,EX-DIV?
2026-09-23 09:35:12,XLE,62.19,62.2,62.2,62.26384747381774,-11.057375445147066,1.6078462898955088,-14.86040966209112,7.254341228204122,2526370.0,EX-DIV?
2026-09-23 09:35:12,XLV,170.72,170.79,170.75,170.75749455318794,-0.1460874788816735,4.099440719158629,-5.19577789461356,-4.903602936850213,502395.0,EX-DIV?
2026-09-23 09:35:12,IWM,285.19,285.22,285.17,285.15629045475725,1.7081701113830228,1.0518749671299434,-1.8178572112507148,-5.23419743401676,1380316.0,EX-DIV?
2026-09-23 09:35:12,AAPU,46.35,46.43,46.45,46.30461574687269,18.439685061650835,17.24509592584572,6.8012373918421325,-30.078132731459537,130189.0,SELL ETF / BUY AAPL
2026-09-23 09:35:12,TLT,81.43,81.44,81.425,81.41495002073056,2.462690115800914,1.2279732301824653,-6.15144770516806,-11.076827936767668,1123923.0,
2026-09-23 09:35:12,IEF,90.92,90.93,90.92,90.92809589644776,-0.3404774307902425,1.0998075336821682,-8.890362474650352,-8.209407613067647,111288.0,
2026-09-23 09:35:12,SHY,81.26,81.27,81.265,81.28366148633262,-2.2958471593648166,1.2305420537735685,-10.910976929427767,-6.319282610698133,431559.0,
2026-09-23 09:35:12,LQD,104.79,104.8,104.795,104.80923511550589,-1.3581928625083783,0.954244000189981,-9.835250060233662,-7.118864335216905,659289.0,
2026-09-23 09:35:12,VCIT,79.73,79.74,79.74,79.76571468812695,-3.8506127911019927,1.254154386403826,-12.47744852115739,-4.7762229389534046,372210.0,
2026-09-23 09:35:12,HYG,78.54,78.55,78.545,78.50989658437125,4.471209001151166,1.273155515945115,-4.165653384041505,-13.108071386343838,438875.0,
2026-09-23 09:35:12,AGG,96.03,96.04,96.0459,96.02398567755782,1.1470386658563037,1.0412870307705646,-7.373664569353171,-9.667741901065778,267512.0,
2026-09-23 09:35:12,TIP,105.42,105.44,105.445,105.40505835838216,2.3662660982592953,1.8969932656735293,-6.582454974120903,-11.314987170637274,13509.0,
2026-09-23 09:35:12,MUB,102.62,102.63,102.6225,102.66206967881038,-3.6108446796723204,0.9744214372707338,-12.097879474084243,-4.876190114740712,375368.0,
2026-09-23 09:35:24,SPY,772.3,772.33,772.32,772.3885409003086,-0.9521231402898067,0.3884425396384429,-4.146325917852353,-2.24207963727274,1212634.0,
2026-09-23 09:35:24,QQQ,745.28,745.32,745.32,745.5712080082699,-3.637586931427572,0.5366966322296701,-6.905837633508824,0.3693362293440998,1799900.0,EX-DIV?
2026-09-23 09:35:24,XLK,195.86,195.9,195.8796,196.00973991788672,-6.61905464193091,2.0420665713698205,-10.639412100104437,2.598697183756274,544594.0,EX-DIV?
2026-09-23 09:35:24,XLF,54.7,54.71,54.71,54.692045835465414,2.3685646306881303,1.827986472899737,-1.5456450909659942,-6.282774352344475,2950815.0,EX-DIV?
2026-09-23 09:35:24,XLE,62.19,62.2,62.2,62.28853165593531,-15.015871051825558,1.6078462898955088,-18.818587036144915,11.2131550675062,2574823.0,EX-DIV?
2026-09-23 09:35:24,XLV,170.72,170.79,170.75,170.77957478420424,-1.4389767766609385,4.099440719158629,-6.488402186240247,-3.61044863291837,509351.0,EX-DIV?
2026-09-23 09:35:24,IWM,285.15,285.17,285.16,285.1315779190967,0.9968057943887665,0.7013606396422589,-2.3539094814498647,-4.347521070227398,1390103.0,EX-DIV?
2026-09-23 09:35:24,AAPU,46.36,46.44,46.3465,46.38647111111111,2.9165591959956494,17.24137931034446,-8.706644734346789,-14.539763126335867,130788.0,
2026-09-23 09:35:24,TLT,81.43,81.44,81.425,81.41495002073056,2.462690115800914,1.2279732301824653,-6.15144770516806,-11.076827936767668,1140049.0,
2026-09-23 09:35:24,IEF,90.91,90.92,90.92,90.92809589644776,-1.4402475185093522,1.0999285046477607,-9.990132562367242,-7.1096375253496475,111566.0,
2026-09-23 09:35:24,SHY,81.26,81.27,81.265,81.28366148633262,-2.2958471593648166,1.2305420537735685,-10.910976929427767,-6.319282610698133,431588.0,
2026-09-23 09:35:24,LQD,104.79,104.8,104.795,104.80923511550589,-1.3581928625083783,0.954244000189981,-9.835250060233662,-7.118864335216905,785325.0,
2026-09-23 09:35:24,VCIT,79.73,79.74,79.74,79.76571468812695,-3.8506127911019927,1.254154386403826,-12.47744852115739,-4.7762229389534046,377722.0,
2026-09-23 09:35:24,HYG,78.54,78.55,78.545,78.50989658437125,4.471209001151166,1.273155515945115,-4.165653384041505,-13.108071386343838,484169.0,
2026-09-23 09:35:24,AGG,96.02,96.04,96.035,96.02398567755782,0.6263354306468294,2.0826824950546947,-8.41507103977212,-9.667741901065778,267535.0,
2026-09-23 09:35:24,TIP,105.42,105.44,105.445,105.40505835838216,2.3662660982592953,1.8969932656735293,-6.582454974120903,-11.314987170637274,13509.0,
2026-09-23 09:35:24,MUB,102.62,102.63,102.6225,102.66206967881038,-3.6108446796723204,0.9744214372707338,-12.097879474084243,-4.876190114740712,376168.0,
2026-09-23 09:35:34,SPY,772.3,772.33,772.32,772.3614253768683,-0.6010835774916679,0.3884425396384429,-3.79529317299043,-2.593126018004874,1243642.0,
2026-09-23 09:35:34,QQQ,745.28,745.32,745.32,745.6780150502929,-5.06941391141047,0.5366966322296701,-8.337626190655698,1.8012016321641315,1813746.0,EX-DIV?
2026-09-23 09:35:34,XLK,195.86,195.9,195.8796,196.04442789722933,-8.387277261230341,2.0420665713698205,-12.407454177988717,4.367100344470856,553692.0,EX-DIV?
2026-09-23 09:35:34,XLF,54.7,54.71,54.71,54.698885058728955,1.1179279549256016,1.827986472899737,-2.796167459382712,-5.032023369236136,3008358.0,EX-DIV?
2026-09-23 09:35:34,XLE,62.19,62.2,62.2,62.243092555063804,-7.726569019889107,1.6078462898955088,-11.529871008070566,3.9232670317076472,2612192.0,EX-DIV?
2026-09-23 09:35:34,XLV,170.72,170.79,170.75,170.9355857154984,-10.56454773548321,4.099440719158629,-15.612102658203783,5.516992812761526,525691.0,EX-DIV?
2026-09-23 09:35:34,IWM,285.15,285.17,285.16,285.1315779190967,0.9968057943887665,0.7013606396422589,-2.3539094814498647,-4.347521070227398,1429741.0,EX-DIV?
2026-09-23 09:35:34,AAPU,46.36,46.44,46.3465,46.25303193524651,31.77479585754206,17.24137931034446,20.1267141369762,-43.42287757811014,131380.0,SELL ETF / BUY AAPL
2026-09-23 09:35:34,TLT,81.42,81.43,81.425,81.41495002073056,1.2344144738651863,1.2281240405287213,-7.379723347106008,-9.84855229483194,1141700.0,
2026-09-23 09:35:34,IEF,90.91,90.92,90.92,90.92809589644776,-1.4402475185093522,1.0999285046477607,-9.990132562367242,-7.1096375253496475,111766.0,
2026-09-23 09:35:34,SHY,81.26,81.27,81.265,81.28366148633262,-2.2958471593648166,1.2305420537735685,-10.910976929427767,-6.319282610698133,431594.0,
2026-09-23 09:35:34,LQD,104.79,104.8,104.795,104.80923511550589,-1.3581928625083783,0.954244000189981,-9.835250060233662,-7.118864335216905,790525.0,
2026-09-23 09:35:34,VCIT,79.73,79.74,79.74,79.76571468812695,-3.8506127911019927,1.254154386403826,-12.47744852115739,-4.7762229389534046,383814.0,
2026-09-23 09:35:34,HYG,78.54,78.55,78.545,78.50989658437125,4.471209001151166,1.273155515945115,-4.165653384041505,-13.108071386343838,502365.0,
2026-09-23 09:35:34,AGG,96.02,96.04,96.035,96.02398567755782,0.6263354306468294,2.0826824950546947,-8.41507103977212,-9.667741901065778,270614.0,
2026-09-23 09:35:34,TIP,105.42,105.44,105.445,105.40505835838216,2.3662660982592953,1.8969932656735293,-6.582454974120903,-11.314987170637274,14307.0,
2026-09-23 09:35:34,MUB,102.62,102.63,102.6225,102.66206967881038,-3.6108446796723204,0.9744214372707338,-12.097879474084243,-4.876190114740712,376668.0,
2026-09-23 09:35:45,SPY,772.3,772.33,772.32,772.3170060587197,-0.025974550655893935,0.3884425396384429,-3.220195315995264,-3.168246214682366,1263126.0,
2026-09-23 09:35:45,QQQ,745.28,745.32,745.32,745.7189750096712,-5.618403496649993,0.5366966322296701,-8.886601043852968,2.3502059494459075,1836920.0,EX-DIV?
2026-09-23 09:35:45,XLK,195.86,195.9,195.8796,196.09986952168163,-11.212119733579051,2.0420665713698205,-15.232008224517532,7.19223124263835,556251.0,EX-DIV?
2026-09-23 09:35:45,XLF,54.7,54.71,54.705,54.7117556723825,-1.2347752872265971,1.827986472899737,-5.148655666049937,-2.6791050915978527,3067727.0,EX-DIV?
2026-09-23 09:35:45,XLE,62.19,62.2,62.2,62.26265658944212,-10.866319098500332,1.6078462898955088,-14.669368674905867,7.063269522094798,2645361.0,EX-DIV?
2026-09-23 09:35:45,XLV,170.72,170.79,170.75,170.83757250209388,-4.833392378768009,4.099440719158629,-9.882122028070148,-0.21533727053524032,540662.0,EX-DIV?
2026-09-23 09:35:45,IWM,285.15,285.17,285.16,285.1315779190967,0.9968057943887665,0.7013606396422589,-2.3539094814498647,-4.347521070227398,1442708.0,EX-DIV?
2026-09-23 09:35:45,AAPU,46.36,46.44,46.3465,46.21773774834437,39.43556317015151,17.24137931034446,27.780877339831036,-51.09024900046977,131572.0,SELL ETF / BUY AAPL
2026-09-23 09:35:45,TLT,81.42,81.43,81.425,81.41495002073056,1.2344144738651863,1.2281240405287213,-7.379723347106008,-9.84855229483194,1149059.0,
2026-09-23 09:35:45,IEF,90.91,90.92,90.92,90.92809589644776,-1.4402475185093522,1.0999285046477607,-9.990132562367242,-7.1096375253496475,111774.0,
2026-09-23 09:35:45,SHY,81.26,81.27,81.265,81.28366148633262,-2.2958471593648166,1.2305420537735685,-10.910976929427767,-6.319282610698133,432174.0,
2026-09-23 09:35:45,LQD,104.79,104.8,104.795,104.80923511550589,-1.3581928625083783,0.954244000189981,-9.835250060233662,-7.118864335216905,798543.0,
2026-09-23 09:35:45,VCIT,79.73,79.74,79.74,79.76571468812695,-3.8506127911019927,1.254154386403826,-12.47744852115739,-4.7762229389534046,384882.0,
2026-09-23 09:35:45,HYG,78.54,78.55,78.545,78.50989658437125,4.471209001151166,1.273155515945115,-4.165653384041505,-13.108071386343838,503483.0,
2026-09-23 09:35:45,AGG,96.02,96.04,96.035,96.02398567755782,0.6263354306468294,2.0826824950546947,-8.41507103977212,-9.667741901065778,272199.0,
2026-09-23 09:35:45,TIP,105.42,105.44,105.445,105.40505835838216,2.3662660982592953,1.8969932656735293,-6.582454974120903,-11.314987170637274,14307.0,
2026-09-23 09:35:45,MUB,102.62,102.63,102.6225,102.66206967881038,-3.6108446796723204,0.9744214372707338,-12.097879474084243,-4.876190114740712,376768.0,
2026-09-23 09:35:55,SPY,772.3,772.33,772.32,772.0719481461084,3.148046687555528,0.3884425396384429,-0.046235724025287084,-6.342329099136343,1322487.0,
2026-09-23 09:35:55,QQQ,745.28,745.32,745.32,745.3656994874881,-0.8814396414180692,0.5366966322296701,-4.149764304247958,-2.38688502141404,1845858.0,EX-DIV?
2026-09-23 09:35:55,XLK,195.86,195.9,195.8796,195.9705903388204,-4.622649687576752,2.0420665713698205,-8.64321098534104,0.6020883898102429,560105.0,EX-DIV?
2026-09-23 09:35:55,XLF,54.7,54.71,54.705,54.737922547584546,-6.014577472487348,1.827986472899737,-9.928020980624394,2.1011339643503018,3091251.0,EX-DIV?
2026-09-23 09:35:55,XLE,62.19,62.2,62.2,62.2159607772765,-3.369035375269114,1.6078462898955088,-7.172687675665365,-0.4346169251271377,2726858.0,EX-DIV?
2026-09-23 09:35:55,XLV,170.72,170.79,170.75,170.9063445130391,-8.855406361322204,4.099440719158629,-13.903311610229727,3.807501112413572,549687.0,EX-DIV?
2026-09-23 09:35:55,IWM,285.15,285.17,285.16,285.1315779190967,0.9968057943887665,0.7013606396422589,-2.3539094814498647,-4.347521070227398,1457529.0,EX-DIV?
2026-09-23 09:35:55,AAPU,46.36,46.44,46.3465,45.9910404709345,88.92156491305147,17.24137931034446,77.22421873640218,-100.61891108970077,133196.0,SELL ETF / BUY AAPL
2026-09-23 09:35:55,TLT,81.42,81.43,81.425,81.41495002073056,1.2344144738651863,1.2281240405287213,-7.379723347106008,-9.84855229483194,1188579.0,
2026-09-23 09:35:55,IEF,90.91,90.92,90.92,90.92809589644776,-1.4402475185093522,1.0999285046477607,-9.990132562367242,-7.1096375253496475,128975.0,
2026-09-23 09:35:55,SHY,81.26,81.27,81.265,81.28366148633262,-2.2958471593648166,1.2305420537735685,-10.910976929427767,-6.319282610698133,432330.0,
2026-09-23 09:35:55,LQD,104.74,104.75,104.745,104.80923511550589,-6.128764839766765,0.9546995083302416,-14.605822037494269,-2.3482923579585187,946851.0,
2026-09-23 09:35:55,VCIT,79.73,79.74,79.74,79.76571468812695,-3.8506127911019927,1.254154386403826,-12.47744852115739,-4.7762229389534046,414593.0,
2026-09-23 09:35:55,HYG,78.54,78.55,78.545,78.50989658437125,4.471209001151166,1.273155515945115,-4.165653384041505,-13.108071386343838,506302.0,
2026-09-23 09:35:55,AGG,96.02,96.04,96.035,96.02398567755782,0.6263354306468294,2.0826824950546947,-8.41507103977212,-9.667741901065778,277102.0,
2026-09-23 09:35:55,TIP,105.42,105.44,105.445,105.40505835838216,2.3662660982592953,1.8969932656735293,-6.582454974120903,-11.314987170637274,16038.0,
2026-09-23 09:35:55,MUB,102.62,102.63,102.6225,102.66206967881038,-3.6108446796723204,0.9744214372707338,-12.097879474084243,-4.876190114740712,381735.0,
2026-09-23 09:37:57,SPY,772.3,772.33,772.32,772.1334170912033,2.351703795968607,0.3884425396384429,-0.8425631489420411,-5.545970740877035,1347492.0,
2026-09-23 09:37:57,QQQ,,,745.3199,745.4029387476153,-1.1140115405883222,,-4.114011540588322,-1.8859884594116778,1854400.0,EX-DIV?
2026-09-23 09:37:57,XLK,195.99,196.19,195.94,195.97931139866841,5.647973785682936,10.199398235503526,-2.4546056287614277,-13.7505532001273,562629.0,EX-DIV?
2026-09-23 09:37:57,XLF,54.7,54.71,54.705,54.75894594881879,-9.851531632697474,1.827986472899737,-13.76462444581816,5.938438819574568,3153008.0,EX-DIV?
2026-09-23 09:37:57,XLE,62.16,62.27,62.21,62.25659192401641,-6.6807261257040285,17.680623643816848,-18.51513197739829,-5.153679725989122,2747366.0,EX-DIV?
2026-09-23 09:37:57,XLV,,,170.975,170.75920727743326,12.637252538665322,,9.637252538665322,-15.637252538665322,556962.0,EX-DIV?
2026-09-23 09:37:57,IWM,,,284.86,284.7608898841884,3.4804679762001633,,0.48046797620016335,-6.480467976200163,1474594.0,EX-DIV?
2026-09-23 09:37:57,AAPU,46.36,46.44,46.3465,46.03176453274467,79.99594866570536,17.24137931034446,68.30629698582247,-91.68560034559047,135150.0,SELL ETF / BUY AAPL
2026-09-23 09:37:57,TLT,81.42,81.43,81.425,81.41495002073056,1.2344144738651863,1.2281240405287213,-7.379723347106008,-9.84855229483194,1190477.0,
2026-09-23 09:37:57,IEF,,,90.895,90.92809589644776,-3.6397876939431306,,-11.63978769394313,-4.360212306056869,138485.0,
2026-09-23 09:37:57,SHY,,,81.265,81.26912608086568,-0.5077058244196131,,-8.507705824419613,-7.492294175580387,432483.0,
2026-09-23 09:37:57,LQD,104.74,104.75,104.745,104.77894710670442,-3.2398785864728996,0.9546995083302416,-11.717073685114425,-5.237316512167515,946851.0,
2026-09-23 09:37:57,VCIT,,,79.7135,79.7465183014735,-4.140406650567918,,-12.140406650567918,-3.8595933494320818,416431.0,
2026-09-23 09:37:57,HYG,78.53,78.69,78.51,78.4920324137853,15.029243425983552,20.353644574481184,-3.162873855201191,-33.22136070717052,507436.0,
2026-09-23 09:37:57,AGG,95.96,96.1,96.015,96.01004926965834,2.0779835541628877,14.578777465375461,-13.212919901517177,-17.36888700983962,277666.0,
2026-09-23 09:37:57,TIP,105.37,105.49,105.415,105.40217187965385,2.6401847181989346,11.381959594042526,-11.052297602612608,-16.332667039008257,16038.0,
2026-09-23 09:37:57,MUB,,,102.63,102.64117534506236,-1.0887779709067846,,-9.088777970906785,-6.911222029093215,382001.0,
2026-09-23 09:38:07,SPY,772.23,772.25,772.23,772.1904687948904,0.6414376648145037,0.25898684346811623,-2.488064063115633,-3.7709393927446406,1514444.0,
2026-09-23 09:38:07,QQQ,744.91,744.94,744.9365,744.9197113043651,0.07099685448652693,0.40272510655551097,-3.1303671284003105,-3.272360837376695,1984212.0,EX-DIV?
2026-09-23 09:38:07,XLK,195.78,195.8,195.82,195.77109325067968,0.9657579679611672,1.0215026303697956,-2.5450426734389104,-4.476558609361245,612975.0,EX-DIV?
2026-09-23 09:38:07,XLF,54.78,54.79,54.7738,54.800876218072446,-2.897073763797886,1.8253171488542506,-6.809467934302591,-1.015320406709039,3496385.0,EX-DIV?
2026-09-23 09:38:07,XLE,62.36,62.37,62.36,62.32728769638193,6.050689033954004,1.6034634811188986,2.2484721904511034,-9.852905877459126,3127966.0,EX-DIV?
2026-09-23 09:38:07,XLV,170.69,170.74,170.74,170.76585671792816,-2.9781549371521443,2.928858038251552,-7.442147826626552,-1.4858379523222638,694018.0,EX-DIV?
2026-09-23 09:38:07,IWM,284.62,284.63,284.63,284.7608898841884,-4.772069796650236,0.35133948177394486,-7.947655706710741,1.5964838865897306,1691285.0,EX-DIV?
2026-09-23 09:38:07,AAPU,46.05,46.13,46.12,46.07113112582781,4.095596029682902,17.357344326319243,-7.586630567003924,-15.777822626366397,141080.0,
2026-09-23 09:38:07,TLT,81.43,81.44,81.435,81.41495002073056,2.462690115800914,1.2279732301824653,-6.15144770516806,-11.076827936767668,1248926.0,
2026-09-23 09:38:07,IEF,90.9,90.91,90.9,90.92809589644776,-2.5400176062262414,1.1000495022265997,-11.089902650084131,-6.009867437632758,161903.0,
2026-09-23 09:38:07,SHY,81.26,81.27,81.265,81.26912608086568,-0.5077058244196131,1.2305420537735685,-9.12294561363746,-8.107533964799345,434802.0,
2026-09-23 09:38:07,LQD,104.75,104.76,104.76,104.78500470846473,-2.863454417758593,0.9546083719159101,-11.340621929838195,-5.613713094322119,1275416.0,
2026-09-23 09:38:07,VCIT,79.71,79.72,79.715,79.7503575788042,-4.43353232231658,1.2544690459769323,-13.060488758853454,-4.1934241142180735,436010.0,
2026-09-23 09:38:07,HYG,78.51,78.52,78.51,78.4920324137853,2.926104154574727,1.2736419792384772,-5.710903175498487,-11.56311148464794,629991.0,
2026-09-23 09:38:07,AGG,96.01,96.02,96.015,96.00322042978756,1.2269974027656616,1.041503931676395,-7.293818459205063,-9.747813264734166,324951.0,
2026-09-23 09:38:07,TIP,105.4,105.42,105.41,105.40217187965385,0.7426906112595333,1.8973531922963685,-8.206056442206837,-9.691437664730344,17505.0,
2026-09-23 09:38:07,MUB,102.62,102.63,102.63,102.64117534506236,-1.5759119094249652,0.9744214372707338,-10.063045847943146,-6.911222029093215,399897.0,
2026-09-23 09:47:12,SPY,772.48,772.53,772.315,771.7477578639035,9.812041931840376,0.6472450016498861,6.488101891261813,-13.13598197242116,1521822.0,SELL ETF / BUY BASKET
2026-09-23 09:47:12,QQQ,,,745.03,744.5734012627146,6.132353593495399,,3.1323535934953988,-9.132353593495399,2000903.0,EX-DIV?
2026-09-23 09:47:12,XLK,,,195.79,195.63172707002064,8.090350800955548,,5.090350800955548,-11.090350800955548,615326.0,EX-DIV?
2026-09-23 09:47:12,XLF,,,54.805,54.80728719139598,-0.4173151989794732,,-3.4173151989794732,-2.5826848010205268,3576608.0,EX-DIV?
2026-09-23 09:47:12,XLE,62.16,62.26,62.3,62.45584930932658,-39.363696442420434,16.074586079408686,-50.36935172578116,28.3580411590586,3160551.0,EX-DIV?
2026-09-23 09:47:12,XLV,,,170.79,170.54799928836385,14.189595459690452,,11.189595459690452,-17.18959545969045,709253.0,EX-DIV?
2026-09-23 09:47:12,IWM,,,284.78,284.1554327605048,21.979774710889632,,18.979774710889632,-24.979774710889632,1705487.0,EX-DIV?
2026-09-23 09:47:12,AAPU,,,46.12,45.69918469462839,92.08376652309668,,89.08376652309668,-95.08376652309668,141135.0,SELL ETF / BUY AAPL
2026-09-23 09:47:12,TLT,,,81.425,81.1887912847237,29.093759315608203,,21.093759315608203,-37.0937593156082,1250272.0,SELL ETF / BUY VGLT
2026-09-23 09:47:12,IEF,,,90.9,90.77592263230726,13.668532810768852,,5.668532810768852,-21.668532810768852,167105.0,SELL ETF / BUY VGIT
2026-09-23 09:47:12,SHY,,,81.265,81.24005526993176,3.070496442347803,,-4.929503557652197,-11.070496442347803,435740.0,
2026-09-23 09:47:12,LQD,104.58,104.97,104.755,104.78500470846473,-0.9547843694390767,37.22261989978531,-27.564317340547976,-25.654748601669823,1277424.0,
2026-09-23 09:47:12,VCIT,,,79.715,79.7503575788042,-4.43353232231658,,-12.43353232231658,-3.56646767768342,436153.0,
2026-09-23 09:47:12,HYG,78.53,78.69,78.495,78.40877863765834,25.663116533358732,20.353644574481184,7.4601773484874805,-43.86605571822999,748253.0,SELL ETF / BUY JNK
2026-09-23 09:47:12,AGG,95.96,96.1,96.015,95.87765339461313,15.889688576318228,14.578777465375461,0.5887172319432104,-31.190659920693246,332373.0,
2026-09-23 09:47:12,TIP,105.37,105.48,105.415,105.28135212716879,13.644189586177191,10.433957789897978,0.42009254631737036,-26.868286626037012,17611.0,
2026-09-23 09:47:12,MUB,102.47,102.48,102.475,102.52146822463096,-4.532536007888499,0.9758477677487305,-13.020238738504545,-3.9551667227297678,400911.0,
2026-09-23 09:47:22,SPY,771.4,771.43,771.405,771.1329660519369,3.6573971089182145,0.3888957305726842,0.4628781263257302,-6.851916091510699,2148290.0,
2026-09-23 09:47:22,QQQ,743.86,743.91,743.86,743.627546860636,3.4621248291677453,0.6721469044268202,0.12593502413083257,-6.7983146342068785,2838427.0,EX-DIV?
2026-09-23 09:47:22,XLK,195.4,195.42,195.39,195.32735585797428,4.231058248993502,1.0234890742532015,0.7190971897738123,-7.743019308215413,782336.0,EX-DIV?
2026-09-23 09:47:22,XLF,54.84,54.85,54.845,54.86885439913981,-4.3475300151685214,1.8233202662043961,-8.258793801290462,0.4362662290443602,5185069.0,EX-DIV?
2026-09-23 09:47:22,XLE,62.54,62.55,62.55,62.58377015832924,-6.1949221389434594,1.5988488288429148,-9.993851316164923,2.395992961721996,4539703.0,EX-DIV?
2026-09-23 09:47:22,XLV,170.08,170.15,170.13,170.0551246829342,3.5209357658261276,4.114863474707884,-1.5372203800282342,-8.579091911678269,995846.0,EX-DIV?
2026-09-23 09:47:22,IWM,284.13,284.15,284.14,284.18511680181274,-1.5875849629454208,0.7038783698170553,-4.939468274518852,-1.7642983486269,2330258.0,EX-DIV?
2026-09-23 09:47:22,AAPU,45.7,45.76,45.645,45.718189256806475,2.5833794788288067,13.120489831619322,-6.978560197189784,-12.145319154848508,254493.0,
2026-09-23 09:47:22,TLT,81.2,81.21,81.21,81.1887912847237,1.996422784451557,1.231451265315055,-6.619425773074276,-10.61227134197739,2160547.0,
2026-09-23 09:47:22,IEF,90.73,90.74,90.74,90.77592263230726,-4.508093238888566,1.1021105416863288,-13.058900088877882,-4.04271361110075,539597.0,
2026-09-23 09:47:22,SHY,81.23,81.24,81.24,81.24005526993176,-0.6222632314767385,1.2309964916588791,-9.237723177113237,-7.99319671415976,492379.0,
2026-09-23 09:47:22,LQD,104.54,104.55,104.55,104.58120986684015,-3.4623683246981507,0.9565258979378167,-11.940465681417926,-5.015729032022735,2625517.0,
2026-09-23 09:47:22,VCIT,79.59,79.6,79.6,79.62750070422216,-4.0815929088222624,1.2563603241398211,-12.709516673322423,-4.546330855677898,563935.0,
2026-09-23 09:47:22,HYG,78.44,78.45,78.445,78.40877863765834,4.619554464562192,1.2747785072350204,-4.018129234491845,-13.25723816361845,1840963.0,
2026-09-23 09:47:22,AGG,95.87,95.88,95.885,95.88761574430086,-1.3156802578662141,1.0430247718373824,-9.837124029429038,-7.20576351369772,524548.0,
2026-09-23 09:47:22,TIP,105.28,105.29,105.3,105.27137946901523,1.293849387504764,0.9498029158954377,-7.181113515538399,-9.768812290547928,60841.0,
2026-09-23 09:47:22,MUB,102.47,102.48,102.475,102.51061059463936,-3.4738447496118763,0.9758477677487305,-11.961599136302896,-5.013909637081364,525179.0,
2026-09-23 09:47:34,SPY,771.4,771.43,771.405,771.1539307474536,3.3854363200003235,0.3888957305726842,0.190922625626591,-6.579950014374056,2211894.0,
2026-09-23 09:47:34,QQQ,743.86,743.91,743.86,743.6928395790396,2.5838681070156078,0.6721469044268202,-0.7522921821448953,-5.920028396176111,2862386.0,EX-DIV?
2026-09-23 09:47:34,XLK,195.4,195.42,195.39,195.32218537980947,4.495885606632388,1.0234890742532015,0.9839109950179363,-8.00786021824906,783953.0,EX-DIV?
2026-09-23 09:47:34,XLF,54.84,54.85,54.845,54.86027814119107,-2.7849186531181402,1.8233202662043961,-6.696324896289571,-1.1264875900532907,5198341.0,EX-DIV?
2026-09-23 09:47:34,XLE,62.54,62.55,62.55,62.59015822294762,-7.214907939162574,1.5988488288429148,-11.013755576229409,3.4160603020968487,4564725.0,EX-DIV?
2026-09-23 09:47:34,XLV,170.06,170.11,170.08,170.06576536656087,1.1310114882712163,2.939706617280264,-3.3390080624654512,-5.601031039011215,996000.0,EX-DIV?
2026-09-23 09:47:34,IWM,284.13,284.15,284.14,284.18511680181274,-1.5875849629454208,0.7038783698170553,-4.939468274518852,-1.7642983486269,2344094.0,EX-DIV?
2026-09-23 09:47:34,AAPU,45.7,45.76,45.645,45.78063281824871,-11.059877317494138,13.120489831619322,-20.612866682910067,1.5068879520793192,256333.0,
2026-09-23 09:47:34,TLT,81.2,81.21,81.21,81.1887912847237,1.996422784451557,1.231451265315055,-6.619425773074276,-10.61227134197739,2211883.0,
2026-09-23 09:47:34,IEF,90.73,90.74,90.74,90.77592263230726,-4.508093238888566,1.1021105416863288,-13.058900088877882,-4.04271361110075,545578.0,
2026-09-23 09:47:34,SHY,81.23,81.24,81.24,81.24005526993176,-0.6222632314767385,1.2309964916588791,-9.237723177113237,-7.99319671415976,509449.0,
2026-09-23 09:47:34,LQD,104.54,104.55,104.55,104.58120986684015,-3.4623683246981507,0.9565258979378167,-11.940465681417926,-5.015729032022735,2635907.0,
2026-09-23 09:47:34,VCIT,79.59,79.6,79.6,79.62750070422216,-4.0815929088222624,1.2563603241398211,-12.709516673322423,-4.546330855677898,565586.0,
2026-09-23 09:47:34,HYG,78.44,78.45,78.445,78.40877863765834,4.619554464562192,1.2747785072350204,-4.018129234491845,-13.25723816361845,1848564.0,
2026-09-23 09:47:34,AGG,95.85,95.86,95.85,95.88761574430086,-3.401455344123061,1.043242397371563,-11.922899115686995,-5.119988427441983,525536.0,
2026-09-23 09:47:34,TIP,105.28,105.29,105.3,105.27137946901523,1.293849387504764,0.9498029158954377,-7.181113515538399,-9.768812290547928,64402.0,
2026-09-23 09:47:34,MUB,102.47,102.48,102.475,102.51061059463936,-3.4738447496118763,0.9758477677487305,-11.961599136302896,-5.013909637081364,527540.0,
2026-09-23 09:47:45,SPY,771.4,771.43,771.405,771.4449623775837,-0.38839293851067325,0.3888957305726842,-3.5828332515800394,-2.8060473745575827,2237242.0,
2026-09-23 09:47:45,QQQ,743.86,743.88,743.91,744.1600558972947,-3.89776224880678,0.26886418325758277,-7.032141942003076,0.7633825556115941,2889196.0,EX-DIV?
2026-09-23 09:47:45,XLK,195.4,195.42,195.39,195.46472873860998,-2.7999291208780086,1.0234890742532015,-6.311530373161231,-0.7116721314052139,789102.0,EX-DIV?
2026-09-23 09:47:45,XLF,54.84,54.85,54.845,54.846652130572686,-0.3012272415015005,1.8233202662043961,-4.212859912915754,-3.610405429914973,5228623.0,EX-DIV?
2026-09-23 09:47:45,XLE,62.49,62.5,62.49,62.596544748138186,-16.222101163371192,1.6001280102405009,-20.020867296569932,12.423335030174679,4591441.0,EX-DIV?
2026-09-23 09:47:45,XLV,170.06,170.11,170.08,170.05862336686977,1.5510317917444283,2.939706617280264,-2.9190494958156705,-6.0211130793067476,997328.0,EX-DIV?
2026-09-23 09:47:45,IWM,284.13,284.15,284.14,284.18511680181274,-1.5875849629454208,0.7038783698170553,-4.939468274518852,-1.7642983486269,2349654.0,EX-DIV?
2026-09-23 09:47:45,AAPU,45.7,45.76,45.645,45.79285003679176,-13.724858081831659,13.120489831619322,-23.27609915459694,4.1736170090686,256413.0,BUY ETF / SELL AAPL
2026-09-23 09:47:45,TLT,81.2,81.21,81.21,81.1887912847237,1.996422784451557,1.231451265315055,-6.619425773074276,-10.61227134197739,2230771.0,
2026-09-23 09:47:45,IEF,90.73,90.74,90.74,90.77592263230726,-4.508093238888566,1.1021105416863288,-13.058900088877882,-4.04271361110075,552514.0,
2026-09-23 09:47:45,SHY,81.23,81.24,81.24,81.24005526993176,-0.6222632314767385,1.2309964916588791,-9.237723177113237,-7.99319671415976,517155.0,
2026-09-23 09:47:45,LQD,104.54,104.55,104.55,104.58120986684015,-3.4623683246981507,0.9565258979378167,-11.940465681417926,-5.015729032022735,2668803.0,
2026-09-23 09:47:45,VCIT,79.59,79.6,79.6,79.62750070422216,-4.0815929088222624,1.2563603241398211,-12.709516673322423,-4.546330855677898,565710.0,
2026-09-23 09:47:45,HYG,78.44,78.45,78.445,78.40877863765834,4.619554464562192,1.2747785072350204,-4.018129234491845,-13.25723816361845,1908587.0,
2026-09-23 09:47:45,AGG,95.87,95.88,95.885,95.88761574430086,-1.3156802578662141,1.0430247718373824,-9.837124029429038,-7.20576351369772,531682.0,
2026-09-23 09:47:45,TIP,105.28,105.29,105.3,105.27137946901523,1.293849387504764,0.9498029158954377,-7.181113515538399,-9.768812290547928,71602.0,
2026-09-23 09:47:45,MUB,102.47,102.48,102.475,102.51061059463936,-3.4738447496118763,0.9758477677487305,-11.961599136302896,-5.013909637081364,530285.0,
2026-09-23 09:47:55,SPY,771.4,771.43,771.405,771.388690155112,0.34107117752313343,0.3888957305726842,-2.853383319818878,-3.535525674865145,2248761.0,
2026-09-23 09:47:55,QQQ,743.86,743.91,743.86,744.2136111121022,-4.4155482672658675,0.6721469044268202,-7.7514733246245555,1.0796232099071794,3011486.0,EX-DIV?
2026-09-23 09:47:55,XLK,195.41,195.43,195.41,195.50133754794948,-4.160459921637161,1.0234367004406013,-7.671965373489462,0.6489544697859699,793986.0,EX-DIV?
2026-09-23 09:47:55,XLF,54.79,54.8,54.8,54.830858886883235,-6.539909753595641,1.8249840313893624,-10.45180500774767,2.6280144994447223,5233133.0,EX-DIV?
2026-09-23 09:47:55,XLE,62.54,62.55,62.55,62.609397299182874,-10.28556446169615,1.5988488288429148,-14.084166622984393,6.486962300410129,4604410.0,EX-DIV?
2026-09-23 09:47:55,XLV,170.06,170.11,170.08,169.97788212434924,6.301871414799987,2.939706617280264,1.8310918235050515,-10.772651006094922,1009233.0,EX-DIV?
2026-09-23 09:47:55,IWM,284.13,284.15,284.14,284.18511680181274,-1.5875849629454208,0.7038783698170553,-4.939468274518852,-1.7642983486269,2355846.0,EX-DIV?
2026-09-23 09:47:55,AAPU,45.7,45.76,45.645,45.76298572479764,-7.20794858010354,13.120489831619322,-16.763464905111043,-2.347567744902854,256491.0,
2026-09-23 09:47:55,TLT,81.2,81.21,81.21,81.1887912847237,1.996422784451557,1.231451265315055,-6.619425773074276,-10.61227134197739,2292933.0,
2026-09-23 09:47:55,IEF,90.72,90.73,90.725,90.77592263230726,-5.6097069388683085,1.1022320198407403,-14.160513788857624,-2.9410999111221177,576081.0,
2026-09-23 09:47:55,SHY,81.23,81.24,81.24,81.24005526993176,-0.6222632314767385,1.2309964916588791,-9.237723177113237,-7.99319671415976,517865.0,
2026-09-23 09:47:55,LQD,104.54,104.55,104.55,104.56303879065588,-1.725159374145191,0.9565258979378167,-10.20333981513332,-6.753021066842939,2683709.0,
2026-09-23 09:47:55,VCIT,79.59,79.6,79.6,79.61598287223008,-2.635510041212319,1.2563603241398211,-11.263524645770177,-5.992504563344429,565751.0,
2026-09-23 09:47:55,HYG,78.44,78.45,78.445,78.40877863765834,4.619554464562192,1.2747785072350204,-4.018129234491845,-13.25723816361845,1981309.0,
2026-09-23 09:47:55,AGG,95.87,95.88,95.885,95.88761574430086,-1.3156802578662141,1.0430247718373824,-9.837124029429038,-7.20576351369772,532235.0,
2026-09-23 09:47:55,TIP,105.28,105.29,105.3,105.27137946901523,1.293849387504764,0.9498029158954377,-7.181113515538399,-9.768812290547928,75033.0,
2026-09-23 09:47:55,MUB,102.47,102.48,102.475,102.51061059463936,-3.4738447496118763,0.9758477677487305,-11.961599136302896,-5.013909637081364,531236.0,
2026-09-23 09:48:06,SPY,771.28,771.3,771.3,771.2936299930573,-0.0470636981320105,0.25930583827071285,-3.176716007073141,-3.08258861080801,2254607.0,
2026-09-23 09:48:06,QQQ,744.08,744.09,744.085,744.1528385068492,-0.9116206152659512,0.13439324808309405,-3.9788111135244915,-2.155569882992589,3023841.0,EX-DIV?
2026-09-23 09:48:06,XLK,195.41,195.43,195.41,195.4647006275537,-2.28689003232585,1.0234367004406013,-5.798491358187993,-1.2247112935340727,797368.0,EX-DIV?
2026-09-23 09:48:06,XLF,54.79,54.8,54.8,54.82962782098195,-6.315530919707157,1.8249840313893624,-10.227446648249147,2.403615191167388,5270356.0,EX-DIV?
2026-09-23 09:48:06,XLE,62.54,62.55,62.55,62.62467808822874,-12.723113421275745,1.5988488288429148,-16.521520718947635,8.924706123603857,4616644.0,EX-DIV?
2026-09-23 09:48:06,XLV,170.06,170.11,170.08,169.9074401705048,10.450385769864567,2.939706617280264,5.9789964078157425,-14.921775131915613,1014623.0,EX-DIV?
2026-09-23 09:48:06,IWM,284.13,284.15,284.14,284.18511680181274,-1.5875849629454208,0.7038783698170553,-4.939468274518852,-1.7642983486269,2380588.0,EX-DIV?
2026-09-23 09:48:06,AAPU,45.7,45.76,45.645,45.75361919058131,-5.162256232217333,13.120489831619322,-14.71911458150765,-4.3946021170707645,258992.0,
2026-09-23 09:48:06,TLT,81.15,81.16,81.16,81.1887912847237,-4.162062790811216,1.2322099685775252,-12.77791134833594,-4.453785766714617,2387295.0,
2026-09-23 09:48:06,IEF,90.73,90.74,90.74,90.77592263230726,-4.508093238888566,1.1021105416863288,-13.058900088877882,-4.04271361110075,592790.0,
2026-09-23 09:48:06,SHY,81.23,81.24,81.24,81.24005526993176,-0.6222632314767385,1.2309964916588791,-9.237723177113237,-7.99319671415976,517949.0,
2026-09-23 09:48:06,LQD,104.54,104.55,104.55,104.58120986684015,-3.4623683246981507,0.9565258979378167,-11.940465681417926,-5.015729032022735,2760676.0,
2026-09-23 09:48:06,VCIT,79.59,79.6,79.6,79.62750070422216,-4.0815929088222624,1.2563603241398211,-12.709516673322423,-4.546330855677898,569258.0,
2026-09-23 09:48:06,HYG,78.42,78.43,78.425,78.40877863765834,2.068819668348265,1.2751036021683282,-6.568864030707992,-10.706503367400082,1981409.0,
2026-09-23 09:48:06,AGG,95.87,95.88,95.885,95.88761574430086,-1.3156802578662141,1.0430247718373824,-9.837124029429038,-7.20576351369772,533402.0,
2026-09-23 09:48:06,TIP,105.28,105.29,105.3,105.27137946901523,1.293849387504764,0.9498029158954377,-7.181113515538399,-9.768812290547928,78850.0,
2026-09-23 09:48:06,MUB,102.45,102.46,102.455,102.51061059463936,-5.4248622963781745,0.9760382606989317,-13.912616683070304,-3.062892090312845,534084.0,
2026-09-23 09:48:17,SPY,771.28,771.3,771.3,771.2809389885165,0.11748003905465154,0.25930583827071285,-3.0121744032433035,-3.2471344813526066,2265758.0,
2026-09-23 09:48:17,QQQ,744.08,744.09,744.085,744.2164939514165,-1.766877682571888,0.13439324808309405,-4.8340624337920275,-1.3003070686482516,3045328.0,EX-DIV?
2026-09-23 09:48:17,XLK,195.41,195.43,195.41,195.501061950338,-4.146368798680911,1.0234367004406013,-7.657874971601972,0.6348626257609595,799224.0,EX-DIV?
2026-09-23 09:48:17,XLF,54.79,54.8,54.8,54.82186504769614,-4.900425710210321,1.8249840313893624,-8.812470565972339,0.9883808544494137,5338479.0,EX-DIV?
2026-09-23 09:48:17,XLE,62.58,62.59,62.575,62.64887383759079,-10.195528455367864,1.597826955341554,-13.993627398528938,6.39742951220679,4636684.0,EX-DIV?
2026-09-23 09:48:17,XLV,170.06,170.11,170.08,169.88729690239373,11.63730904023108,2.939706617280264,7.1657452178716134,-16.10887286259277,1015962.0,EX-DIV?
2026-09-23 09:48:17,IWM,283.99,284.01,284.01,284.0123581323517,-0.43512657100563956,0.7042253521120356,-3.7872239257034064,-2.9169707836932375,2381569.0,EX-DIV?
2026-09-23 09:48:17,AAPU,45.7,45.76,45.645,45.7005421633554,6.445839644375617,13.120489831619322,-3.118633900110243,-16.010313188861478,259260.0,
2026-09-23 09:48:17,TLT,81.15,81.16,81.16,81.14691003731501,0.9969526481379276,1.2322099685775252,-7.619213758901282,-9.613119055177137,2415013.0,
2026-09-23 09:48:17,IEF,90.73,90.74,90.74,90.72932095054581,0.6259332038083265,1.1021105416863288,-7.9251565594149405,-9.177022967029373,596748.0,
2026-09-23 09:48:17,SHY,81.23,81.24,81.24,81.23278756719829,0.2723571193330443,1.2309964916588791,-8.343157890030366,-8.887872128694234,517980.0,
2026-09-23 09:48:17,LQD,104.54,104.55,104.55,104.58120986684015,-3.4623683246981507,0.9565258979378167,-11.940465681417926,-5.015729032022735,2856342.0,
2026-09-23 09:48:17,VCIT,79.59,79.6,79.6,79.62750070422216,-4.0815929088222624,1.2563603241398211,-12.709516673322423,-4.546330855677898,575489.0,
2026-09-23 09:48:17,HYG,78.42,78.43,78.425,78.38771239875983,4.756817120838974,1.2751036021683282,-3.881037951979131,-13.39467219365486,2213843.0,
2026-09-23 09:48:17,AGG,95.87,95.88,95.885,95.85974003232398,1.5919058064284286,1.0430247718373824,-6.9296895993495795,-10.113501212206437,535714.0,
2026-09-23 09:48:17,TIP,105.28,105.29,105.3,105.2297356495446,5.251780793165128,0.9498029158954377,-3.2233700726189625,-13.72693165894922,78852.0,
2026-09-23 09:48:17,MUB,102.45,102.46,102.455,102.47796658481745,-2.2411241735997844,0.9760382606989317,-10.729033932801217,-6.246785585602758,612262.0,
2026-09-23 09:50:15,SPY,,,771.16,771.0721448580064,1.1393893889111162,,-1.8606106110888838,-4.139389388911116,2276297.0,
2026-09-23 09:50:15,QQQ,,,744.0205,744.026284584092,-0.07774703947749373,,-3.0777470394774937,-2.9222529605225063,3054322.0,EX-DIV?
2026-09-23 09:50:15,XLK,,,195.51,195.43938559722858,3.6131101495029405,,0.6131101495029405,-6.6131101495029405,801298.0,EX-DIV?
2026-09-23 09:50:15,XLF,54.76,54.77,54.78,54.81161200946187,-8.504039153933718,1.8259837487455703,-12.416254616441133,4.591823691425192,5372938.0,EX-DIV?
2026-09-23 09:50:15,XLE,,,62.64,62.65915429099858,-3.0569022539983504,,-6.05690225399835,0.05690225399835036,4645016.0,EX-DIV?
2026-09-23 09:50:15,XLV,,,169.88,169.8219060690795,3.4208738003971284,,0.4208738003971284,-6.420873800397128,1018045.0,EX-DIV?
2026-09-23 09:50:15,IWM,,,283.87,284.209831919046,-11.957078217574857,,-14.957078217574857,8.957078217574857,2392563.0,EX-DIV?
2026-09-23 09:50:15,AAPU,,,45.82,45.72361913171451,21.07901126720879,,18.07901126720879,-24.07901126720879,259317.0,SELL ETF / BUY AAPL
2026-09-23 09:50:15,TLT,,,81.13,81.06230991754947,8.350376706434126,,0.3503767064341261,-16.350376706434126,2446953.0,
2026-09-23 09:50:15,IEF,,,90.7201,90.69619179289549,2.636076182680469,,-5.363923817319531,-10.636076182680469,597314.0,
2026-09-23 09:50:15,SHY,,,81.225,81.21825216173133,0.8308278113688949,,-7.169172188631105,-8.830827811368895,518139.0,
2026-09-23 09:50:15,LQD,,,104.505,104.55710290576901,-4.983200980231972,,-12.983200980231972,-3.016799019768028,3166084.0,
2026-09-23 09:50:15,VCIT,,,79.58,79.61222038044602,-4.047165157816668,,-12.047165157816668,-3.952834842183332,579239.0,
2026-09-23 09:50:15,HYG,,,78.425,78.38771239875983,4.756817120836754,,-3.243182879163246,-12.756817120836754,2224202.0,
2026-09-23 09:50:15,AGG,,,95.855,95.81095753636448,4.596808628991589,,-3.403191371008411,-12.596808628991589,539068.0,
2026-09-23 09:50:15,TIP,,,105.265,105.2194990115621,4.324387481915437,,-3.675612518084563,-12.324387481915437,81953.0,
2026-09-23 09:50:15,MUB,102.42,102.43,102.425,102.48884792142474,-6.229743305697921,0.9763241396148513,-14.71760126306764,-2.258114651669578,613380.0,
2026-09-23 09:50:27,SPY,771.03,771.05,771.06,771.1841523206565,-1.8692334408421107,0.259389914919872,-4.998904155287029,-1.2604372736028076,2411129.0,
2026-09-23 09:50:27,QQQ,743.83,743.86,743.9,743.9990269918072,-2.0702579737230664,0.4033098293323571,-5.2718711406199965,-1.1313551931738637,3404543.0,EX-DIV?
2026-09-23 09:50:27,XLK,195.47,195.5,195.4,195.39995285205435,4.352465121117977,1.534644601887671,0.5848088458179106,-8.120121396415822,846516.0,EX-DIV?
2026-09-23 09:50:27,XLF,54.79,54.8,54.795,54.82306982195299,-5.120074823272702,1.8249840313893624,-9.032099636228416,1.2080500103180984,5577487.0,EX-DIV?
2026-09-23 09:50:27,XLE,62.67,62.68,62.67,62.70482957329469,-4.757141275668619,1.5955325089745531,-8.55452802147749,0.959754529858639,4849824.0,EX-DIV?
2026-09-23 09:50:27,XLV,169.84,169.86,169.88,169.8616344919531,-0.6849393618446609,1.1775095672658364,-4.273653819345855,-2.9037750956543125,1076691.0,EX-DIV?
2026-09-23 09:50:27,IWM,283.97,283.98,283.98,284.209831919046,-8.262624746664393,0.3521436746189244,-11.438551102422087,5.086698390907809,2536316.0,EX-DIV?
2026-09-23 09:50:27,AAPU,45.72,45.77,45.76,45.72361913171451,4.676110223014174,10.930156301236039,-3.7915234583866226,-13.14374390441164,269433.0,
2026-09-23 09:50:27,TLT,81.08,81.09,81.075,81.06230991754947,2.799091522758257,1.2332737251039176,-5.817717942096838,-11.415900987611131,2849349.0,
2026-09-23 09:50:27,IEF,90.68,90.69,90.681,90.69619179289549,-1.2339870808519837,1.1027182003628941,-9.785278144031954,-7.317303982329097,764249.0,
2026-09-23 09:50:27,SHY,81.22,81.23,81.2225,81.21825216173133,0.8308278113688949,1.2311480455531076,-7.784797355009136,-9.446452977746926,531662.0,
2026-09-23 09:50:27,LQD,104.45,104.46,104.46,104.50973696718198,-5.2374992771409,0.9573500550467575,-13.715923598653694,-3.2409250443718935,3448670.0,
2026-09-23 09:50:27,VCIT,79.54,79.55,79.545,79.58219723172002,-4.674064428217273,1.2571500408562328,-13.30234564863119,-3.954216792196645,893463.0,
2026-09-23 09:50:27,HYG,78.41,78.42,78.415,78.38771239875983,3.481106975204984,1.2752662118223703,-5.156748097610901,-12.118962048020869,2713644.0,
2026-09-23 09:50:27,AGG,95.81,95.82,95.815,95.81095753636448,0.42192080524694475,1.0436779209926321,-8.099940172721968,-8.943781783213637,605533.0,
2026-09-23 09:50:27,TIP,105.23,105.24,105.235,105.2194990115621,1.4732049271759529,0.9502541929957624,-7.001992165279518,-9.948402019633644,105402.0,
2026-09-23 09:50:27,MUB,102.42,102.43,102.425,102.49970329364342,-7.288147306084847,0.9763241396148513,-15.775953596186325,-1.1996589840144107,639901.0,
2026-09-23 09:50:38,SPY,771.03,771.05,771.06,771.1175046527895,-1.0050952328521934,0.259389914919872,-4.134777154734312,-2.124586689028815,2418134.0,
2026-09-23 09:50:38,QQQ,743.91,743.93,743.935,743.9041426885742,0.21316337032839527,0.2688461124849689,-2.9212625513211883,-3.347589291977979,3417441.0,EX-DIV?
2026-09-23 09:50:38,XLK,195.42,195.44,195.42,195.39360943754997,1.8624233696695747,1.0233843319864009,-1.6493640950713235,-5.374210834406032,848431.0,EX-DIV?
2026-09-23 09:50:38,XLF,54.79,54.8,54.795,54.82302917982466,-5.1126652875599365,1.8249840313893624,-9.02469077662926,1.200639798490613,5589063.0,EX-DIV?
2026-09-23 09:50:38,XLE,62.67,62.68,62.67,62.72748437252034,-8.367045649184668,1.5955325089745531,-12.164144409004038,4.5699468893641875,4863589.0,EX-DIV?
2026-09-23 09:50:38,XLV,169.84,169.86,169.88,169.74734448287825,6.047547750127613,1.1775095672658364,2.458436914227427,-9.6366585860278,1091089.0,EX-DIV?
2026-09-23 09:50:38,IWM,283.97,283.98,283.98,284.209831919046,-8.262624746664393,0.3521436746189244,-11.438551102422087,5.086698390907809,2546727.0,EX-DIV?
2026-09-23 09:50:38,AAPU,45.72,45.77,45.76,45.70732950699044,8.241674457003523,10.930156301236039,-0.2279078331149904,-16.711256747122036,269450.0,
2026-09-23 09:50:38,TLT,81.08,81.09,81.075,81.06230991754947,2.799091522758257,1.2332737251039176,-5.817717942096838,-11.415900987611131,2904677.0,
2026-09-23 09:50:38,IEF,90.66,90.67,90.67,90.69619179289549,-3.4391513335785273,1.1029614514978345,-11.990442396758498,-5.112139729604774,765527.0,
2026-09-23 09:50:38,SHY,81.21,81.22,81.22,81.21825216173133,-0.40042252138716705,1.231299636767237,-9.016047687766308,-8.215202644990864,534043.0,
2026-09-23 09:50:38,LQD,104.45,104.46,104.46,104.49641151131353,-3.962960135626137,0.9573500550467575,-12.441445466143445,-4.515525194892282,3460496.0,
2026-09-23 09:50:38,VCIT,79.54,79.55,79.545,79.57375082159251,-3.6131037302700175,1.2571500408562328,-12.241451640023541,-5.015244179482396,902001.0,
2026-09-23 09:50:38,HYG,78.41,78.42,78.415,78.38771239875983,3.481106975204984,1.2752662118223703,-5.156748097610901,-12.118962048020869,2716551.0,
2026-09-23 09:50:38,AGG,95.81,95.82,95.815,95.81095753636448,0.42192080524694475,1.0436779209926321,-8.099940172721968,-8.943781783213637,606212.0,
2026-09-23 09:50:38,TIP,105.22,105.23,105.225,105.19888130635987,2.482791957081343,0.9503444998816932,-5.992498268244432,-10.958082182404898,108784.0,
2026-09-23 09:50:38,MUB,102.42,102.43,102.425,102.49970329364342,-7.288147306084847,0.9763241396148513,-15.775953596186325,-1.1996589840144107,641146.0,
2026-09-23 09:50:48,SPY,771.18,771.21,771.19,771.2289698871873,-0.44046435641931225,0.389006671465536,-3.6349591249732445,-2.75403041213462,2428199.0,
2026-09-23 09:50:48,QQQ,743.91,743.93,743.935,744.0693267151378,-2.006892500152624,0.2688461124849689,-5.141288579132761,-1.127503578827513,3428930.0,EX-DIV?
2026-09-23 09:50:48,XLK,195.42,195.44,195.42,195.44281278704523,-0.6555772945804339,1.0233843319864009,-4.167235915198184,-2.8560813260350955,853629.0,EX-DIV?
2026-09-23 09:50:48,XLF,54.81,54.82,54.815,54.83026639659385,-2.7843010069339424,1.8243181610869306,-6.696206114932599,-1.1276041010647138,5592548.0,EX-DIV?
2026-09-23 09:50:48,XLE,62.67,62.68,62.67,62.7409829575634,-10.516723591664778,1.5955325089745531,-14.313650857432966,6.71979632589659,4884396.0,EX-DIV?
2026-09-23 09:50:48,XLV,169.83,169.86,169.84,169.73445812849928,6.512635838331615,1.7663163472578605,2.628902495944388,-10.396369180716622,1092779.0,EX-DIV?
2026-09-23 09:50:48,IWM,283.97,283.98,283.98,284.209831919046,-8.262624746664393,0.3521436746189244,-11.438551102422087,5.086698390907809,2557226.0,EX-DIV?
2026-09-23 09:50:48,AAPU,45.72,45.77,45.76,45.731763944076526,2.8942806447762592,10.930156301236039,-5.572379252834267,-11.360940542384565,269953.0,
2026-09-23 09:50:48,TLT,81.06,81.07,81.065,81.06230991754947,0.33185366334453903,1.2335779929674835,-8.284955801508335,-8.948663128197413,2922461.0,
2026-09-23 09:50:48,IEF,90.66,90.67,90.67,90.69619179289549,-3.4391513335785273,1.1029614514978345,-11.990442396758498,-5.112139729604774,769077.0,
2026-09-23 09:50:48,SHY,81.21,81.22,81.22,81.21825216173133,-0.40042252138716705,1.231299636767237,-9.016047687766308,-8.215202644990864,534043.0,
2026-09-23 09:50:48,LQD,104.45,104.46,104.46,104.49641151131353,-3.962960135626137,0.9573500550467575,-12.441445466143445,-4.515525194892282,3480361.0,
2026-09-23 09:50:48,VCIT,79.54,79.55,79.545,79.57375082159251,-3.6131037302700175,1.2571500408562328,-12.241451640023541,-5.015244179482396,908333.0,
2026-09-23 09:50:48,HYG,78.42,78.43,78.425,78.38771239875983,4.756817120838974,1.2751036021683282,-3.881037951979131,-13.39467219365486,2767606.0,
2026-09-23 09:50:48,AGG,95.81,95.82,95.815,95.8010031511659,1.4610336399090151,1.0436779209926321,-7.060881563013314,-9.982948842833565,608333.0,
2026-09-23 09:50:48,TIP,105.22,105.23,105.225,105.19888130635987,2.482791957081343,0.9503444998816932,-5.992498268244432,-10.958082182404898,108784.0,
2026-09-23 09:50:48,MUB,102.42,102.43,102.425,102.49970329364342,-7.288147306084847,0.9763241396148513,-15.775953596186325,-1.1996589840144107,641595.0,
2026-09-23 09:50:59,SPY,771.18,771.21,771.19,771.1383292634835,0.7348971561382811,0.389006671465536,-2.459620473589716,-3.9294147858662782,2446408.0,
2026-09-23 09:50:59,QQQ,743.91,743.93,743.935,743.8107131654899,1.4692828776952105,0.2688461124849689,-1.6651599290965464,-4.603725684486967,3449057.0,EX-DIV?
2026-09-23 09:50:59,XLK,195.42,195.44,195.42,195.3684852004514,3.1486551930570705,1.0233843319864009,-0.36319808715689916,-6.66050847326882,859495.0,EX-DIV?
2026-09-23 09:50:59,XLF,54.81,54.82,54.815,54.831703840187096,-3.0463835732308375,1.8243181610869306,-6.958264775129061,-0.8654976286696066,5608784.0,EX-DIV?
2026-09-23 09:50:59,XLE,62.67,62.68,62.67,62.76375350911237,-14.140886124582863,1.5955325089745531,-17.937524266893654,10.344247982270963,4900753.0,EX-DIV?
2026-09-23 09:50:59,XLV,169.83,169.86,169.84,169.7466977670222,5.791113127440184,1.7663163472578605,1.907443506920739,-9.674782747957408,1099540.0,EX-DIV?
2026-09-23 09:50:59,IWM,284.22,284.24,284.22,284.209831919046,0.7096193969724496,0.7036554902713228,-2.642233314540718,-4.061472108487838,2686692.0,EX-DIV?
2026-09-23 09:50:59,AAPU,45.72,45.77,45.76,45.72904900662252,3.4881533126074338,10.930156301236039,-4.9788311410562365,-11.955137766271104,270377.0,
2026-09-23 09:50:59,TLT,81.06,81.07,81.065,81.06230991754947,0.33185366334453903,1.2335779929674835,-8.284955801508335,-8.948663128197413,2938347.0,
2026-09-23 09:50:59,IEF,90.66,90.67,90.67,90.69619179289549,-3.4391513335785273,1.1029614514978345,-11.990442396758498,-5.112139729604774,773779.0,
2026-09-23 09:50:59,SHY,81.21,81.22,81.22,81.21825216173133,-0.40042252138716705,1.231299636767237,-9.016047687766308,-8.215202644990864,536282.0,
2026-09-23 09:50:59,LQD,104.45,104.46,104.46,104.49641151131353,-3.962960135626137,0.9573500550467575,-12.441445466143445,-4.515525194892282,3487186.0,
2026-09-23 09:50:59,VCIT,79.54,79.55,79.545,79.57375082159251,-3.6131037302700175,1.2571500408562328,-12.241451640023541,-5.015244179482396,919457.0,
2026-09-23 09:50:59,HYG,78.42,78.43,78.425,78.38771239875983,4.756817120838974,1.2751036021683282,-3.881037951979131,-13.39467219365486,2863031.0,
2026-09-23 09:50:59,AGG,95.81,95.82,95.815,95.8010031511659,1.4610336399090151,1.0436779209926321,-7.060881563013314,-9.982948842833565,611206.0,
2026-09-23 09:50:59,TIP,105.22,105.23,105.225,105.19888130635987,2.482791957081343,0.9503444998816932,-5.992498268244432,-10.958082182404898,111107.0,
2026-09-23 09:50:59,MUB,102.42,102.43,102.425,102.49970329364342,-7.288147306084847,0.9763241396148513,-15.775953596186325,-1.1996589840144107,641795.0,
2026-09-23 09:51:08,SPY,771.18,771.21,771.19,771.1336722354994,0.7952935620458845,0.389006671465536,-2.3992252424113154,-3.989812366505305,2452574.0,
2026-09-23 09:51:08,QQQ,743.91,743.93,743.935,743.7754026081408,1.9441002129427787,0.2688461124849689,-1.1903489764900606,-5.0785494023733975,3481653.0,EX-DIV?
2026-09-23 09:51:08,XLK,195.42,195.44,195.42,195.34882176734592,4.1555527143533055,1.0233843319864009,0.6436479119816845,-7.667457516722706,860754.0,EX-DIV?
2026-09-23 09:51:08,XLF,54.81,54.82,54.815,54.83816499662667,-4.2242472241915685,1.8243181610869306,-8.136020986188372,0.3124734621936547,5625163.0,EX-DIV?
2026-09-23 09:51:08,XLE,62.67,62.68,62.67,62.76016133969703,-13.569330906605392,1.5955325089745531,-17.36601464566256,9.772647167547113,4917618.0,EX-DIV?
2026-09-23 09:51:08,XLV,169.83,169.86,169.84,169.71439505145136,7.6955728186201,1.7663163472578605,3.811735004188524,-11.579410633051676,1100101.0,EX-DIV?
2026-09-23 09:51:08,IWM,284.22,284.24,284.22,284.209831919046,0.7096193969724496,0.7036554902713228,-2.642233314540718,-4.061472108487838,2692877.0,EX-DIV?
2026-09-23 09:51:08,AAPU,45.72,45.77,45.76,45.7534834437086,-1.8541634581847877,10.930156301236039,-10.318228293983209,-6.609901377612523,270404.0,
2026-09-23 09:51:08,TLT,81.06,81.07,81.065,81.06230991754947,0.33185366334453903,1.2335779929674835,-8.284955801508335,-8.948663128197413,2960063.0,
2026-09-23 09:51:08,IEF,90.66,90.67,90.67,90.68890337821242,-2.6357555689848766,1.1029614514978345,-11.187090937893933,-5.91557979992529,793830.0,
2026-09-23 09:51:08,SHY,81.21,81.22,81.22,81.21825216173133,-0.40042252138716705,1.231299636767237,-9.016047687766308,-8.215202644990864,536450.0,
2026-09-23 09:51:08,LQD,104.45,104.46,104.46,104.49641151131353,-3.962960135626137,0.9573500550467575,-12.441445466143445,-4.515525194892282,3501834.0,
2026-09-23 09:51:08,VCIT,79.54,79.55,79.545,79.57375082159251,-3.6131037302700175,1.2571500408562328,-12.241451640023541,-5.015244179482396,919736.0,
2026-09-23 09:51:08,HYG,78.42,78.43,78.425,78.38771239875983,4.756817120838974,1.2751036021683282,-3.881037951979131,-13.39467219365486,2882017.0,
2026-09-23 09:51:08,AGG,95.81,95.82,95.815,95.8010031511659,1.4610336399090151,1.0436779209926321,-7.060881563013314,-9.982948842833565,611698.0,
2026-09-23 09:51:08,TIP,105.22,105.23,105.225,105.19888130635987,2.482791957081343,0.9503444998816932,-5.992498268244432,-10.958082182404898,111477.0,
2026-09-23 09:51:08,MUB,102.42,102.43,102.425,102.49970329364342,-7.288147306084847,0.9763241396148513,-15.775953596186325,-1.1996589840144107,651569.0,
2026-09-23 09:51:18,SPY,771.18,771.21,771.19,771.1184896224391,0.9922000132345232,0.389006671465536,-2.2023226211190767,-4.186722647588123,2457624.0,
2026-09-23 09:51:18,QQQ,743.91,743.93,743.935,743.7226443589743,2.653618825816384,0.2688461124849689,-0.48083990118274755,-5.788077552813295,3492501.0,EX-DIV?
2026-09-23 09:51:18,XLK,195.42,195.44,195.42,195.3897709968984,2.0589103972201706,1.0233843319864009,-1.4528871216049595,-5.570707916045301,863340.0,EX-DIV?
2026-09-23 09:51:18,XLF,54.81,54.82,54.815,54.83798956826249,-4.192270439432599,1.8243181610869306,-8.104047118220656,0.28049376064343257,5637212.0,EX-DIV?
2026-09-23 09:51:18,XLE,62.74,62.76,62.76,62.782082168170376,-5.110083492363415,3.187250996015302,-9.702894634436074,0.5172723502907566,4969253.0,EX-DIV?
2026-09-23 09:51:18,XLV,169.69,169.75,169.725,169.72942908118873,-0.5555360222309069,3.535234503888892,-5.323055076669522,-4.2119830322077085,1101253.0,EX-DIV?
2026-09-23 09:51:18,IWM,284.22,284.24,284.22,284.172759243196,2.014294296062147,0.7036554902713228,-1.3376043175353765,-5.36619290965967,2700088.0,EX-DIV?
2026-09-23 09:51:18,AAPU,45.72,45.77,45.76,45.76027078734364,-3.337127836197107,10.930156301236039,-11.800382220374159,-5.1261265479766145,270450.0,
2026-09-23 09:51:18,TLT,81.06,81.07,81.065,81.01289004560724,6.432304089314389,1.2335779929674835,-2.184881644607721,-15.049489823236499,3017836.0,
2026-09-23 09:51:18,IEF,90.66,90.67,90.67,90.68890337821242,-2.6357555689848766,1.1029614514978345,-11.187090937893933,-5.91557979992529,814768.0,
2026-09-23 09:51:18,SHY,81.21,81.22,81.22,81.21825216173133,-0.40042252138716705,1.231299636767237,-9.016047687766308,-8.215202644990864,536450.0,
2026-09-23 09:51:18,LQD,104.45,104.46,104.46,104.49641151131353,-3.962960135626137,0.9573500550467575,-12.441445466143445,-4.515525194892282,3505498.0,
2026-09-23 09:51:18,VCIT,79.54,79.55,79.545,79.57375082159251,-3.6131037302700175,1.2571500408562328,-12.241451640023541,-5.015244179482396,923782.0,
2026-09-23 09:51:18,HYG,78.42,78.43,78.425,78.38771239875983,4.756817120838974,1.2751036021683282,-3.881037951979131,-13.39467219365486,2938991.0,
2026-09-23 09:51:18,AGG,95.81,95.82,95.815,95.77313033536691,4.37175484256036,1.0436779209926321,-4.150312253135883,-12.893821938256604,938038.0,
2026-09-23 09:51:18,TIP,105.22,105.23,105.225,105.19888130635987,2.482791957081343,0.9503444998816932,-5.992498268244432,-10.958082182404898,111478.0,
2026-09-23 09:51:18,MUB,102.41,102.42,102.415,102.46509705337327,-4.8891822497554305,0.9764194698047275,-13.37715329001931,-3.5987887905106692,653416.0,
2026-09-23 09:51:31,SPY,771.18,771.21,771.19,771.0630844081887,1.7108274858279593,0.389006671465536,-1.4837091260692077,-4.905364097725126,2478783.0,
2026-09-23 09:51:31,QQQ,743.53,743.56,743.61,743.6227499070912,-1.045555788886654,0.4034725537791622,-4.247270973122605,-2.1561593953504072,3517310.0,EX-DIV?
2026-09-23 09:51:31,XLK,195.42,195.44,195.42,195.35068401922098,4.060184440983772,1.0233843319864009,0.5482845185330625,-7.5720843634322605,863606.0,EX-DIV?
2026-09-23 09:51:31,XLF,54.81,54.82,54.815,54.82483172052052,-1.7932969809453247,1.8243181610869306,-5.705292484275201,-2.1186985223867723,5654388.0,EX-DIV?
2026-09-23 09:51:31,XLE,62.74,62.76,62.76,62.764965128632234,-2.3843124267752813,3.187250996015302,-6.977557954675248,-2.2089331011246855,4984140.0,EX-DIV?
2026-09-23 09:51:31,XLV,169.69,169.75,169.725,169.73450267453518,-0.8544329117921023,3.535234503888892,-5.621899132700944,-3.9130333091156295,1107382.0,EX-DIV?
2026-09-23 09:51:31,IWM,284.22,284.24,284.22,284.172759243196,2.014294296062147,0.7036554902713228,-1.3376043175353765,-5.36619290965967,2706771.0,EX-DIV?
2026-09-23 09:51:31,AAPU,45.75,45.79,45.7795,45.72361913171451,10.143743904409419,8.739348918505385,2.7696369592918906,-17.517850849529168,270625.0,SELL ETF / BUY AAPL
2026-09-23 09:51:31,TLT,81.02,81.03,81.025,81.01289004560724,1.4948182179352898,1.2341869793279994,-7.1223675159890405,-10.1120039518574,3049680.0,
2026-09-23 09:51:31,IEF,90.66,90.67,90.67,90.68890337821242,-2.6357555689848766,1.1029614514978345,-11.187090937893933,-5.91557979992529,815756.0,
2026-09-23 09:51:31,SHY,81.21,81.22,81.22,81.21825216173133,-0.40042252138716705,1.231299636767237,-9.016047687766308,-8.215202644990864,536450.0,
2026-09-23 09:51:31,LQD,104.45,104.46,104.46,104.49641151131353,-3.962960135626137,0.9573500550467575,-12.441445466143445,-4.515525194892282,3505498.0,
2026-09-23 09:51:31,VCIT,79.52,79.53,79.525,79.57375082159251,-6.126495369284113,1.257466205596368,-14.754843279038747,-2.5018525404683007,925423.0,
2026-09-23 09:51:31,HYG,78.42,78.43,78.425,78.38771239875983,4.756817120838974,1.2751036021683282,-3.881037951979131,-13.39467219365486,2963267.0,
2026-09-23 09:51:31,AGG,95.78,95.79,95.7896,95.77313033536691,1.2393522683784575,1.0440048024226254,-7.282714827317786,-9.761419364076922,1004946.0,
2026-09-23 09:51:31,TIP,105.22,105.23,105.225,105.2194990115621,0.5228107422650119,0.9503444998816932,-7.952386350192679,-8.998007834720482,111478.0,
2026-09-23 09:51:31,MUB,102.41,102.42,102.415,102.46509705337327,-4.8891822497554305,0.9764194698047275,-13.37715329001931,-3.5987887905106692,653830.0,
2026-09-23 09:51:40,SPY,771.18,771.21,771.19,771.004966810656,2.46474662971341,0.389006671465536,-0.7298046461626768,-5.659297905591718,2485908.0,
2026-09-23 09:51:40,QQQ,743.53,743.56,743.61,743.5693525383318,-0.3275086345166933,0.4034725537791622,-3.5292383043697946,-2.8742210353352977,3534120.0,EX-DIV?
2026-09-23 09:51:40,XLK,195.3,195.32,195.36,195.34722120236395,-1.9053868355467518,1.024013107366843,-5.4172958321744265,-1.606522161082033,866905.0,EX-DIV?
2026-09-23 09:51:40,XLF,54.81,54.82,54.815,54.835748275134236,-3.7837133233120657,1.8243181610869306,-7.69552726900746,-0.1281006223855492,5671115.0,EX-DIV?
2026-09-23 09:51:40,XLE,62.74,62.76,62.76,62.77488504375757,-3.9641719359939653,3.187250996015302,-8.55716569345388,-0.6288218214659498,4992627.0,EX-DIV?
2026-09-23 09:51:40,XLV,169.69,169.75,169.725,169.68472207725463,2.079027640997655,3.535234503888892,-2.6889571034586197,-6.8470123854539295,1114621.0,EX-DIV?
2026-09-23 09:51:40,IWM,284.22,284.24,284.22,284.172759243196,2.014294296062147,0.7036554902713228,-1.3376043175353765,-5.36619290965967,2709580.0,EX-DIV?
2026-09-23 09:51:40,AAPU,45.75,45.79,45.7795,45.677465194996316,20.25830562371489,8.739348918505385,12.879778944394296,-27.636832303035483,270980.0,SELL ETF / BUY AAPL
2026-09-23 09:51:40,TLT,81.02,81.03,81.025,81.01289004560724,1.4948182179352898,1.2341869793279994,-7.1223675159890405,-10.1120039518574,3074704.0,
2026-09-23 09:51:40,IEF,90.63,90.64,90.635,90.68890337821242,-5.943767782440323,1.103326529486966,-14.49510315134938,-2.607567586469843,816803.0,
2026-09-23 09:51:40,SHY,81.21,81.22,81.215,81.21825216173133,-0.40042252138716705,1.231299636767237,-9.016047687766308,-8.215202644990864,536451.0,
2026-09-23 09:51:40,LQD,104.43,104.44,104.43,104.4540123335502,-1.8201630675018787,0.957533393976244,-10.298842621144548,-6.65851648613968,3520951.0,
2026-09-23 09:51:40,VCIT,79.52,79.53,79.525,79.5468758802777,-2.750061524806613,1.257466205596368,-11.378621722134323,-5.878498672518877,925423.0,
2026-09-23 09:51:40,HYG,78.41,78.42,78.415,78.38771239875983,3.481106975204984,1.2752662118223703,-5.156748097610901,-12.118962048020869,3331052.0,
2026-09-23 09:51:40,AGG,95.78,95.79,95.7896,95.77313033536691,1.2393522683784575,1.0440048024226254,-7.282714827317786,-9.761419364076922,1291819.0,
2026-09-23 09:51:40,TIP,105.19,105.2,105.2,105.2194990115621,-2.328371812473362,0.950615523551986,-10.803568904929943,-6.146825279983219,111832.0,
2026-09-23 09:51:40,MUB,102.41,102.42,102.415,102.46509705337327,-4.8891822497554305,0.9764194698047275,-13.37715329001931,-3.5987887905106692,654530.0,
2026-09-23 09:51:51,SPY,770.97,770.99,770.97,770.9557066449827,0.31510701338444136,0.25941010142911375,-2.8146021244260773,-3.4448161511971804,2493351.0,
2026-09-23 09:51:51,QQQ,743.53,743.56,743.61,743.4515184198054,1.25739981529982,0.4034725537791622,-1.9443618279061354,-4.4591614585057755,3542311.0,EX-DIV?
2026-09-23 09:51:51,XLK,195.3,195.32,195.36,195.33203561370277,-1.12811058531892,1.024013107366843,-4.640059379001135,-2.3838382083632954,867690.0,EX-DIV?
2026-09-23 09:51:51,XLF,54.81,54.82,54.8131,54.84247621535657,-5.010024574506611,1.8243181610869306,-8.921726661107796,1.0983224879032054,5673170.0,EX-DIV?
2026-09-23 09:51:51,XLE,62.74,62.76,62.76,62.77594351920086,-4.132716729764452,3.187250996015302,-8.725683627496592,-0.4602501679665778,5004730.0,EX-DIV?
2026-09-23 09:51:51,XLV,169.69,169.75,169.725,169.68347189895215,2.152720040382583,3.535234503888892,-2.615277730069529,-6.920717810834695,1117625.0,EX-DIV?
2026-09-23 09:51:51,IWM,283.97,283.98,283.98,284.172759243196,-6.959120350686909,0.3521436746189244,-10.135069657485671,3.7831710438870374,2724222.0,EX-DIV?
2026-09-23 09:51:51,AAPU,45.75,45.79,45.7795,45.62324789403973,32.16608039416702,8.739348918505385,24.782350404919054,-39.54981038341498,271835.0,SELL ETF / BUY AAPL
2026-09-23 09:51:51,TLT,81.02,81.03,81.025,81.01289004560724,1.4948182179352898,1.2341869793279994,-7.1223675159890405,-10.1120039518574,3092250.0,
2026-09-23 09:51:51,IEF,90.63,90.64,90.635,90.68890337821242,-5.943767782440323,1.103326529486966,-14.49510315134938,-2.607567586469843,820809.0,
2026-09-23 09:51:51,SHY,81.21,81.22,81.215,81.21825216173133,-0.40042252138716705,1.231299636767237,-9.016047687766308,-8.215202644990864,536511.0,
2026-09-23 09:51:51,LQD,104.43,104.44,104.43,104.4540123335502,-1.8201630675018787,0.957533393976244,-10.298842621144548,-6.65851648613968,3530342.0,
2026-09-23 09:51:51,VCIT,79.52,79.53,79.525,79.5468758802777,-2.750061524806613,1.257466205596368,-11.378621722134323,-5.878498672518877,938434.0,
2026-09-23 09:51:51,HYG,78.41,78.42,78.415,78.38771239875983,3.481106975204984,1.2752662118223703,-5.156748097610901,-12.118962048020869,3334377.0,
2026-09-23 09:51:51,AGG,95.78,95.79,95.7896,95.77313033536691,1.2393522683784575,1.0440048024226254,-7.282714827317786,-9.761419364076922,1669766.0,
2026-09-23 09:51:51,TIP,105.19,105.2,105.2,105.2194990115621,-2.328371812473362,0.950615523551986,-10.803568904929943,-6.146825279983219,111832.0,
2026-09-23 09:51:51,MUB,102.41,102.42,102.415,102.46509705337327,-4.8891822497554305,0.9764194698047275,-13.37715329001931,-3.5987887905106692,669301.0,
2026-09-23 09:52:02,SPY,770.97,770.99,770.97,770.9425109336504,0.48627577047488657,0.25941010142911375,-2.643435587481921,-3.6159871284316942,2499407.0,
2026-09-23 09:52:02,QQQ,743.53,743.56,743.61,743.4396950032127,1.4164564724628015,0.4034725537791622,-1.7853083794919762,-4.618221324417579,3556840.0,EX-DIV?
2026-09-23 09:52:02,XLK,195.3,195.32,195.36,195.33456490739988,-1.2575811870019216,1.024013107366843,-4.769523351704549,-2.2543609777007063,868103.0,EX-DIV?
2026-09-23 09:52:02,XLF,54.81,54.82,54.8131,54.8457963906823,-5.61508679041367,1.8243181610869306,-9.526733685716657,1.7034398951095735,5680213.0,EX-DIV?
2026-09-23 09:52:02,XLE,62.74,62.76,62.76,62.77409667795447,-3.8386339636375943,3.187250996015302,-8.43164772714877,-0.7543797998735808,5030255.0,EX-DIV?
2026-09-23 09:52:02,XLV,169.69,169.75,169.725,169.7191837105071,0.04809647766723657,3.535234503888892,-4.719529275894249,-4.815722231226502,1120216.0,EX-DIV?
2026-09-23 09:52:02,IWM,283.97,283.98,283.98,284.172759243196,-6.959120350686909,0.3521436746189244,-10.135069657485671,3.7831710438870374,2750574.0,EX-DIV?
2026-09-23 09:52:02,AAPU,45.75,45.79,45.7795,45.59873200883001,37.559814412562176,8.739348918505385,30.173727537136877,-44.9459012879897,271835.0,SELL ETF / BUY AAPL
2026-09-23 09:52:02,TLT,81.02,81.03,81.025,81.01289004560724,1.4948182179352898,1.2341869793279994,-7.1223675159890405,-10.1120039518574,3105670.0,
2026-09-23 09:52:02,IEF,90.63,90.64,90.635,90.64097653014495,-0.6593629475049045,1.103326529486966,-9.210989837615584,-7.892263942607995,821482.0,
2026-09-23 09:52:02,SHY,81.21,81.22,81.215,81.21825216173133,-0.40042252138716705,1.231299636767237,-9.016047687766308,-8.215202644990864,539285.0,
2026-09-23 09:52:02,LQD,104.43,104.44,104.43,104.4540123335502,-1.8201630675018787,0.957533393976244,-10.298842621144548,-6.65851648613968,3531566.0,
2026-09-23 09:52:02,VCIT,79.52,79.53,79.525,79.5468758802777,-2.750061524806613,1.257466205596368,-11.378621722134323,-5.878498672518877,939050.0,
2026-09-23 09:52:02,HYG,78.41,78.42,78.415,78.38771239875983,3.481106975204984,1.2752662118223703,-5.156748097610901,-12.118962048020869,3344437.0,
2026-09-23 09:52:02,AGG,95.78,95.79,95.7896,95.77313033536691,1.2393522683784575,1.0440048024226254,-7.282714827317786,-9.761419364076922,2056535.0,
2026-09-23 09:52:02,TIP,105.19,105.2,105.2,105.2194990115621,-2.328371812473362,0.950615523551986,-10.803568904929943,-6.146825279983219,111879.0,
2026-09-23 09:52:02,MUB,102.41,102.42,102.415,102.46509705337327,-4.8891822497554305,0.9764194698047275,-13.37715329001931,-3.5987887905106692,669601.0,
2026-09-23 09:52:12,SPY,770.97,770.99,770.97,770.9246112322112,0.7184719099884163,0.25941010142911375,-2.4112424596703903,-3.8481862796450024,2522642.0,
2026-09-23 09:52:12,QQQ,743.53,743.56,743.61,743.3236907108941,2.9772936322558508,0.4034725537791622,-0.2245027074468915,-6.179089971958593,3591120.0,EX-DIV?
2026-09-23 09:52:12,XLK,195.3,195.32,195.36,195.3312034644848,-1.08551343096841,1.024013107366843,-4.597464405652671,-2.426437543715851,870178.0,EX-DIV?
2026-09-23 09:52:12,XLF,54.81,54.82,54.8131,54.857922890792146,-7.824374043033933,1.8243181610869306,-11.735819416193502,3.912928669873253,5700072.0,EX-DIV?
2026-09-23 09:52:12,XLE,62.75,62.76,62.78,62.77133655089157,-2.6025494738879384,1.5934985260135466,-6.3990913789561095,-1.193992431182453,5041631.0,EX-DIV?
2026-09-23 09:52:12,XLV,169.68,169.73,169.705,169.72376651735823,-1.1057094562139103,2.9462891488160605,-5.5786911436320725,-3.3672722312075827,1123520.0,EX-DIV?
2026-09-23 09:52:12,IWM,283.97,283.98,283.98,284.172759243196,-6.959120350686909,0.3521436746189244,-10.135069657485671,3.7831710438870374,2761952.0,EX-DIV?
2026-09-23 09:52:12,AAPU,45.75,45.79,45.7795,45.658460632818255,24.42906870617767,8.739348918505385,17.048719539167426,-31.809417873190135,271835.0,SELL ETF / BUY AAPL
2026-09-23 09:52:12,TLT,81.02,81.03,81.025,81.01289004560724,1.4948182179352898,1.2341869793279994,-7.1223675159890405,-10.1120039518574,3155742.0,
2026-09-23 09:52:12,IEF,90.63,90.64,90.635,90.64097653014495,-0.6593629475049045,1.103326529486966,-9.210989837615584,-7.892263942607995,998253.0,
2026-09-23 09:52:12,SHY,81.21,81.22,81.215,81.2136008319819,0.1722824753191965,1.231299636767237,-8.443377949632673,-8.787942900271066,539584.0,
2026-09-23 09:52:12,LQD,104.43,104.44,104.43,104.4540123335502,-1.8201630675018787,0.957533393976244,-10.298842621144548,-6.65851648613968,3543617.0,
2026-09-23 09:52:12,VCIT,79.52,79.53,79.525,79.5468758802777,-2.750061524806613,1.257466205596368,-11.378621722134323,-5.878498672518877,940289.0,
2026-09-23 09:52:12,HYG,78.41,78.42,78.415,78.38771239875983,3.481106975204984,1.2752662118223703,-5.156748097610901,-12.118962048020869,3375477.0,
2026-09-23 09:52:12,AGG,95.78,95.79,95.7896,95.77313033536691,1.2393522683784575,1.0440048024226254,-7.282714827317786,-9.761419364076922,2439770.0,
2026-09-23 09:52:12,TIP,105.19,105.2,105.2,105.2194990115621,-2.328371812473362,0.950615523551986,-10.803568904929943,-6.146825279983219,112805.0,
2026-09-23 09:52:12,MUB,102.41,102.42,102.415,102.46509705337327,-4.8891822497554305,0.9764194698047275,-13.37715329001931,-3.5987887905106692,672381.0,
2026-09-23 09:52:21,SPY,770.97,770.99,770.97,770.9303759639159,0.643690242740913,0.25941010142911375,-2.486023156960446,-3.773403642442272,2538844.0,
2026-09-23 09:52:21,QQQ,743.53,743.56,743.61,743.2851959105819,3.4953486339750484,0.4034725537791622,0.29354184322339094,-6.697155424726706,3603570.0,EX-DIV?
2026-09-23 09:52:21,XLK,195.3,195.32,195.36,195.29720700263354,0.6550527558890629,1.024013107366843,-2.8569873369236305,-4.167092848703977,871159.0,EX-DIV?
2026-09-23 09:52:21,XLF,54.81,54.82,54.8131,54.87443915771161,-10.831847873794542,1.8243181610869306,-14.743018917498294,6.920676830090791,5747020.0,EX-DIV?
2026-09-23 09:52:21,XLE,62.76,62.77,62.755,62.7746973375301,-1.5447844340787942,1.593244642715704,-5.341283694460294,-2.2517148263038163,5050870.0,EX-DIV?
2026-09-23 09:52:21,XLV,169.68,169.73,169.705,169.78129342678258,-4.493629730504267,2.9462891488160605,-8.966112328285034,0.021147132720169992,1125434.0,EX-DIV?
2026-09-23 09:52:21,IWM,283.97,283.98,283.98,284.1480441259627,-6.089928455955684,0.3521436746189244,-9.26589306677583,2.913963845135539,2766839.0,EX-DIV?
2026-09-23 09:52:21,AAPU,45.68,45.72,45.66,45.7005421633554,-0.11863390011024322,8.752735229759113,-7.49494959643415,-7.257681796213664,271965.0,
2026-09-23 09:52:21,TLT,81.02,81.03,81.025,81.0296425445707,-0.5729439776491763,1.2341869793279994,-9.190002111314259,-8.044114156014796,3195019.0,
2026-09-23 09:52:21,IEF,90.63,90.64,90.635,90.64097653014495,-0.6593629475049045,1.103326529486966,-9.210989837615584,-7.892263942607995,1004524.0,
2026-09-23 09:52:21,SHY,81.21,81.22,81.215,81.2136008319819,0.1722824753191965,1.231299636767237,-8.443377949632673,-8.787942900271066,539811.0,
2026-09-23 09:52:21,LQD,104.43,104.44,104.43,104.4540123335502,-1.8201630675018787,0.957533393976244,-10.298842621144548,-6.65851648613968,3547619.0,
2026-09-23 09:52:21,VCIT,79.52,79.53,79.525,79.5468758802777,-2.750061524806613,1.257466205596368,-11.378621722134323,-5.878498672518877,959599.0,
2026-09-23 09:52:21,HYG,78.41,78.42,78.415,78.38349915098011,4.018811275470213,1.2752662118223703,-4.619078083150978,-12.656700634093625,3379477.0,
2026-09-23 09:52:21,AGG,95.81,95.82,95.815,95.77313033536691,4.37175484256036,1.0436779209926321,-4.150312253135883,-12.893821938256604,2611360.0,
2026-09-23 09:52:21,TIP,105.19,105.2,105.2,105.2194990115621,-2.328371812473362,0.950615523551986,-10.803568904929943,-6.146825279983219,113126.0,
2026-09-23 09:52:21,MUB,102.39,102.4,102.395,102.46705589716213,-7.03210378508734,0.97661018604474,-15.520065496900985,-1.4558579267251943,673633.0,
2026-09-23 09:52:31,SPY,770.97,770.99,770.97,770.8915235214855,1.1477163234374643,0.25941010142911375,-1.9820036137366799,-4.2774362606116085,2543875.0,
2026-09-23 09:52:31,QQQ,743.16,743.18,743.21,743.1662103666118,0.050993079814265485,0.2691174293900697,-3.0835663210363435,-3.185552480667095,3628257.0,EX-DIV?
2026-09-23 09:52:31,XLK,195.2,195.22,195.2,195.22235179265044,-0.632703813729929,1.0245376773736097,-4.144940240971337,-2.8795326135125894,876084.0,EX-DIV?
2026-09-23 09:52:31,XLF,54.81,54.82,54.8131,54.86811683149651,-9.680819128463636,1.8243181610869306,-13.592095164297932,5.769543092626009,5765638.0,EX-DIV?
2026-09-23 09:52:31,XLE,62.76,62.77,62.755,62.774355025135684,-1.4902622467305449,1.593244642715704,-5.286765850471051,-2.306241357009961,5085275.0,EX-DIV?
2026-09-23 09:52:31,XLV,169.68,169.73,169.705,169.88465587155727,-10.575167641574401,2.9462891488160605,-15.046754340897525,6.103580942249057,1129562.0,EX-DIV?
2026-09-23 09:52:31,IWM,283.97,283.98,283.98,284.1480441259627,-6.089928455955684,0.3521436746189244,-9.26589306677583,2.913963845135539,2769514.0,EX-DIV?
2026-09-23 09:52:31,AAPU,45.68,45.72,45.66,45.69511228844739,1.069635527266577,8.752735229759113,-6.30720019944275,-8.446471253973684,272738.0,
2026-09-23 09:52:31,TLT,81.05,81.06,81.055,81.0296425445707,3.129404824333548,1.2337301832095633,-5.4876533093315345,-11.74646295799641,3202749.0,
2026-09-23 09:52:31,IEF,90.64,90.65,90.64,90.64097653014495,0.44389083271978436,1.1032048099735356,-8.107736057392005,-8.995517722830463,1005646.0,
2026-09-23 09:52:31,SHY,81.21,81.22,81.215,81.2136008319819,0.1722824753191965,1.231299636767237,-8.443377949632673,-8.787942900271066,539811.0,
2026-09-23 09:52:31,LQD,104.43,104.44,104.435,104.46006935894496,-2.3998987458850873,0.957533393976244,-10.878550543713443,-6.078753051943268,3550648.0,
2026-09-23 09:52:31,VCIT,79.52,79.53,79.525,79.55071515760838,-3.2325488912865463,1.257466205596368,-11.861078753035763,-5.39598097046156,962010.0,
2026-09-23 09:52:31,HYG,78.41,78.42,78.415,78.38349915098011,4.018811275470213,1.2752662118223703,-4.619078083150978,-12.656700634093625,3419781.0,
2026-09-23 09:52:31,AGG,95.81,95.82,95.815,95.77313033536691,4.37175484256036,1.0436779209926321,-4.150312253135883,-12.893821938256604,2842879.0,
2026-09-23 09:52:31,TIP,105.19,105.2,105.2,105.17826360115765,1.5912412193652692,0.950615523551986,-6.884142175341605,-10.066624614072143,113172.0,
2026-09-23 09:52:31,MUB,102.39,102.4,102.395,102.46705589716213,-7.03210378508734,0.97661018604474,-15.520065496900985,-1.4558579267251943,674536.0,
2026-09-23 09:52:43,SPY,770.85,770.87,770.855,770.8765475344692,-0.2146586833140507,0.2594504838749164,-3.344381140586769,-2.915063773958668,2553597.0,
2026-09-23 09:52:43,QQQ,743.16,743.18,743.21,743.2193387857309,-0.6638522863455787,0.2691174293900697,-3.7984020683293735,-2.470697495638216,3640413.0,EX-DIV?
2026-09-23 09:52:43,XLK,195.2,195.22,195.2,195.20790131201304,0.10751040161904868,1.0245376773736097,-3.4047639444892948,-3.619784747730723,877001.0,EX-DIV?
2026-09-23 09:52:43,XLF,54.84,54.85,54.845,54.869045718596716,-4.382383232987008,1.8233202662043961,-8.293643841680629,0.4711226242922777,5774053.0,EX-DIV?
2026-09-23 09:52:43,XLE,62.76,62.77,62.755,62.74623994336035,2.9898296147434777,1.593244642715704,-0.8070308831146207,-6.786690112603797,5092117.0,EX-DIV?
2026-09-23 09:52:43,XLV,169.68,169.73,169.705,169.89784217008162,-11.350477888270039,2.9462891488160605,-15.821950373185231,6.879005403352625,1134757.0,EX-DIV?
2026-09-23 09:52:43,IWM,284.02,284.04,284.04,284.1480441259627,-4.154317736932978,0.7041509699693221,-7.506246958573268,0.8023885152904668,2771822.0,EX-DIV?
2026-09-23 09:52:43,AAPU,45.68,45.72,45.66,45.658460632818255,9.097846621637373,8.752735229759113,1.7174974546249082,-16.47819578864984,272769.0,
2026-09-23 09:52:43,TLT,81.05,81.06,81.055,81.0296425445707,3.129404824333548,1.2337301832095633,-5.4876533093315345,-11.74646295799641,3219900.0,
2026-09-23 09:52:43,IEF,90.64,90.65,90.64,90.64097653014495,0.44389083271978436,1.1032048099735356,-8.107736057392005,-8.995517722830463,1005692.0,
2026-09-23 09:52:43,SHY,81.2,81.21,81.205,81.2136008319819,-1.0590383745823218,1.231451265315055,-9.67469879953308,-7.556622050367327,539811.0,
2026-09-23 09:52:43,LQD,104.43,104.44,104.435,104.46006935894496,-2.3998987458850873,0.957533393976244,-10.878550543713443,-6.078753051943268,3556325.0,
2026-09-23 09:52:43,VCIT,79.52,79.53,79.525,79.55071515760838,-3.2325488912865463,1.257466205596368,-11.861078753035763,-5.39598097046156,962877.0,
2026-09-23 09:52:43,HYG,78.41,78.42,78.42,78.38349915098011,4.018811275470213,1.2752662118223703,-4.619078083150978,-12.656700634093625,3421705.0,
2026-09-23 09:52:43,AGG,95.81,95.82,95.815,95.77313033536691,4.37175484256036,1.0436779209926321,-4.150312253135883,-12.893821938256604,2848099.0,
2026-09-23 09:52:43,TIP,105.21,105.22,105.215,105.17826360115765,3.4927747981905455,0.9504348239324351,-4.982608596516329,-11.9681581928952,113172.0,
2026-09-23 09:52:43,MUB,102.39,102.4,102.395,102.46705589716213,-7.03210378508734,0.97661018604474,-15.520065496900985,-1.4558579267251943,674536.0,
2026-09-23 09:52:53,SPY,770.85,770.87,770.855,770.8762989287029,-0.21143377641141825,0.2594504838749164,-3.3411562755195607,-2.918288722695614,2561265.0,
2026-09-23 09:52:53,QQQ,743.16,743.18,743.21,743.3389978550085,-2.2734964194837115,0.2691174293900697,-5.408024542303044,-0.8610317033356214,3647848.0,EX-DIV?
2026-09-23 09:52:53,XLK,195.2,195.22,195.2,195.25298798602128,-2.201655732120278,1.0245376773736097,-5.713811786844156,-1.3105003226047103,879175.0,EX-DIV?
2026-09-23 09:52:53,XLF,54.84,54.85,54.845,54.858059299838985,-2.38056176351531,1.8233202662043961,-6.292004870291132,-1.5308813432616226,5794423.0,EX-DIV?
2026-09-23 09:52:53,XLE,62.76,62.77,62.755,62.74869985707094,2.597686161815993,1.593244642715704,-1.1991430970196255,-6.3945154206516115,5118871.0,EX-DIV?
2026-09-23 09:52:53,XLV,169.68,169.73,169.705,169.8599241037327,-9.120697807336597,2.9462891488160605,-13.592498771094805,4.6488968435761695,1136501.0,EX-DIV?
2026-09-23 09:52:53,IWM,284.02,284.04,284.04,284.1480441259627,-4.154317736932978,0.7041509699693221,-7.506246958573268,0.8023885152904668,2780743.0,EX-DIV?
2026-09-23 09:52:53,AAPU,45.68,45.72,45.66,45.68018013245033,4.338833054555735,8.752735229759113,-3.039433393171917,-11.717099502280057,272801.0,
2026-09-23 09:52:53,TLT,81.05,81.06,81.055,81.0296425445707,3.129404824333548,1.2337301832095633,-5.4876533093315345,-11.74646295799641,3225163.0,
2026-09-23 09:52:53,IEF,90.64,90.65,90.64,90.64097653014495,0.44389083271978436,1.1032048099735356,-8.107736057392005,-8.995517722830463,1010363.0,
2026-09-23 09:52:53,SHY,81.2,81.21,81.205,81.2136008319819,-1.0590383745823218,1.231451265315055,-9.67469879953308,-7.556622050367327,539873.0,
2026-09-23 09:52:53,LQD,104.43,104.44,104.435,104.46006935894496,-2.3998987458850873,0.957533393976244,-10.878550543713443,-6.078753051943268,3556325.0,
2026-09-23 09:52:53,VCIT,79.52,79.53,79.525,79.55071515760838,-3.2325488912865463,1.257466205596368,-11.861078753035763,-5.39598097046156,963004.0,
2026-09-23 09:52:53,HYG,78.41,78.42,78.42,78.38349915098011,4.018811275470213,1.2752662118223703,-4.619078083150978,-12.656700634093625,3477315.0,
2026-09-23 09:52:53,AGG,95.81,95.82,95.815,95.77313033536691,4.37175484256036,1.0436779209926321,-4.150312253135883,-12.893821938256604,3242139.0,
2026-09-23 09:52:53,TIP,105.21,105.22,105.215,105.17826360115765,3.4927747981905455,0.9504348239324351,-4.982608596516329,-11.9681581928952,113177.0,
2026-09-23 09:52:53,MUB,102.39,102.4,102.395,102.46705589716213,-7.03210378508734,0.97661018604474,-15.520065496900985,-1.4558579267251943,680908.0,
2026-09-23 09:53:03,SPY,770.85,770.87,770.855,770.8485674414515,0.1483113419609161,0.2594504838749164,-2.981415823948616,-3.2780385078704484,2571686.0,
2026-09-23 09:53:03,QQQ,743.16,743.18,743.21,743.3550312287833,-2.489136697945149,0.2691174293900697,-5.623661919136655,-0.645388523246357,3655118.0,EX-DIV?
2026-09-23 09:53:03,XLK,195.2,195.22,195.2,195.24815341283448,-1.9540985237298525,1.0245376773736097,-5.466267260038402,-1.558070212579807,880238.0,EX-DIV?
2026-09-23 09:53:03,XLF,54.84,54.85,54.845,54.83144657042191,2.47183512853022,1.8233202662043961,-1.4400503519266223,-6.383720608987062,5995265.0,EX-DIV?
2026-09-23 09:53:03,XLE,62.76,62.77,62.755,62.7423517684653,3.609719893553631,1.593244642715704,-0.18718998614752635,-7.406629773257009,5128197.0,EX-DIV?
2026-09-23 09:53:03,XLV,169.78,169.83,169.82,169.84510233918272,-2.361112486047867,2.9445540472902074,-6.833041888526845,-2.1108169164311104,1139517.0,EX-DIV?
2026-09-23 09:53:03,IWM,284.02,284.04,284.04,284.1480441259627,-4.154317736932978,0.7041509699693221,-7.506246958573268,0.8023885152904668,2784835.0,EX-DIV?
2026-09-23 09:53:03,AAPU,45.68,45.72,45.66,45.65981810154525,8.800275630838073,8.752735229759113,1.420056691831764,-16.18049456984438,272801.0,
2026-09-23 09:53:03,TLT,81.05,81.06,81.055,81.0296425445707,3.129404824333548,1.2337301832095633,-5.4876533093315345,-11.74646295799641,3235560.0,
2026-09-23 09:53:03,IEF,90.64,90.65,90.64,90.64097653014495,0.44389083271978436,1.1032048099735356,-8.107736057392005,-8.995517722830463,1011449.0,
2026-09-23 09:53:03,SHY,81.2,81.21,81.205,81.2136008319819,-1.0590383745823218,1.231451265315055,-9.67469879953308,-7.556622050367327,539918.0,
2026-09-23 09:53:03,LQD,104.43,104.44,104.435,104.46006935894496,-2.3998987458850873,0.957533393976244,-10.878550543713443,-6.078753051943268,3572061.0,
2026-09-23 09:53:03,VCIT,79.52,79.53,79.525,79.55071515760838,-3.2325488912865463,1.257466205596368,-11.861078753035763,-5.39598097046156,976132.0,
2026-09-23 09:53:03,HYG,78.41,78.42,78.42,78.38349915098011,4.018811275470213,1.2752662118223703,-4.619078083150978,-12.656700634093625,3477837.0,
2026-09-23 09:53:03,AGG,95.81,95.82,95.815,95.77313033536691,4.37175484256036,1.0436779209926321,-4.150312253135883,-12.893821938256604,3243847.0,
2026-09-23 09:53:03,TIP,105.21,105.22,105.215,105.17826360115765,3.4927747981905455,0.9504348239324351,-4.982608596516329,-11.9681581928952,114371.0,
2026-09-23 09:53:03,MUB,102.39,102.4,102.395,102.46705589716213,-7.03210378508734,0.97661018604474,-15.520065496900985,-1.4558579267251943,707217.0,
2026-09-23 09:53:14,SPY,770.85,770.87,770.855,770.8016136539037,0.7574756599115773,0.2594504838749164,-2.3722594083966904,-3.887210728219845,2583747.0,
2026-09-23 09:53:14,QQQ,743.16,743.18,743.21,743.2633998705292,-1.256618724202463,0.2691174293900697,-4.391160529997659,-1.8779230815916232,3673808.0,EX-DIV?
2026-09-23 09:53:14,XLK,195.2,195.22,195.2,195.27980214318168,-3.5744681434346504,1.0245376773736097,-7.08655387325596,0.06238241361111996,881378.0,EX-DIV?
2026-09-23 09:53:14,XLF,54.84,54.85,54.845,54.81190810046554,6.03735587416665,1.8233202662043961,2.1251453393996727,-9.949566408935848,6010730.0,EX-DIV?
2026-09-23 09:53:14,XLE,62.72,62.73,62.715,62.7678388452004,-6.82496737000271,1.5942606616178574,-10.62155366196171,3.0283810780425995,5193304.0,EX-DIV?
2026-09-23 09:53:14,XLV,169.78,169.83,169.82,169.9076464795384,-6.041310186164495,2.9445540472902074,-10.512697761591358,1.5699226107376312,1142639.0,EX-DIV?
2026-09-23 09:53:14,IWM,284.02,284.04,284.04,284.1480441259627,-4.154317736932978,0.7041509699693221,-7.506246958573268,0.8023885152904668,2787803.0,EX-DIV?
2026-09-23 09:53:14,AAPU,45.68,45.72,45.66,45.73447888153053,-7.538925199046531,8.752735229759113,-14.911993503117557,0.1658568949777255,272812.0,
2026-09-23 09:53:14,TLT,81.05,81.06,81.055,81.0296425445707,3.129404824333548,1.2337301832095633,-5.4876533093315345,-11.74646295799641,3255944.0,
2026-09-23 09:53:14,IEF,90.64,90.65,90.64,90.64097653014495,0.44389083271978436,1.1032048099735356,-8.107736057392005,-8.995517722830463,1014931.0,
2026-09-23 09:53:14,SHY,81.2,81.21,81.205,81.21098445899786,-0.7369026539605361,1.231451265315055,-9.352582913632938,-7.878777605711866,542313.0,
2026-09-23 09:53:14,LQD,104.43,104.44,104.435,104.46006935894496,-2.3998987458850873,0.957533393976244,-10.878550543713443,-6.078753051943268,3581095.0,
2026-09-23 09:53:14,VCIT,79.52,79.53,79.525,79.55071515760838,-3.2325488912865463,1.257466205596368,-11.861078753035763,-5.39598097046156,979251.0,
2026-09-23 09:53:14,HYG,78.41,78.42,78.42,78.38349915098011,4.018811275470213,1.2752662118223703,-4.619078083150978,-12.656700634093625,3574220.0,
2026-09-23 09:53:14,AGG,95.81,95.82,95.815,95.77313033536691,4.37175484256036,1.0436779209926321,-4.150312253135883,-12.893821938256604,3250585.0,
2026-09-23 09:53:14,TIP,105.21,105.22,105.215,105.17826360115765,3.4927747981905455,0.9504348239324351,-4.982608596516329,-11.9681581928952,116363.0,
2026-09-23 09:53:14,MUB,102.38,102.39,102.4,102.46705589716213,-8.00802720871463,0.9767055721057886,-16.495988920527164,-0.479934503099015,709602.0,
2026-09-23 09:53:25,SPY,770.85,770.87,770.855,770.8216606831619,0.49738245295527506,0.2594504838749164,-2.6323492412897416,-3.6271141471980712,2617451.0,
2026-09-23 09:53:25,QQQ,743.2,743.24,743.16,743.2631495762812,-0.5805423867144555,0.5381986491209012,-3.849626088917921,-2.68854131549012,3687580.0,EX-DIV?
2026-09-23 09:53:25,XLK,195.2,195.22,195.2,195.28418242692842,-3.798691015653999,1.0245376773736097,-7.310765259236682,0.2866167720702055,884457.0,EX-DIV?
2026-09-23 09:53:25,XLF,54.84,54.85,54.845,54.81577144889464,5.332142617497926,1.8233202662043961,1.4199963742097559,-9.244288860783875,6094096.0,EX-DIV?
2026-09-23 09:53:25,XLE,62.72,62.73,62.715,62.74623522175153,-3.3843021300783427,1.5942606616178574,-7.181162687899587,-0.4125584277429013,5249828.0,EX-DIV?
2026-09-23 09:53:25,XLV,169.78,169.83,169.82,169.9574136997578,-8.967758242488522,2.9445540472902074,-13.438714963691975,4.496801521285068,1155075.0,EX-DIV?
2026-09-23 09:53:25,IWM,284.02,284.04,284.04,284.02446853979603,0.19475294619430983,0.7041509699693221,-3.1573293955636768,-3.5468352879534066,2790370.0,EX-DIV?
2026-09-23 09:53:25,AAPU,45.74,45.8,45.72,45.75484091243561,3.31311119481148,13.109023377757302,-6.243572076671031,-12.869794466297321,273073.0,
2026-09-23 09:53:25,TLT,81.01,81.02,81.015,80.99613754664377,2.32880899356136,1.2343393198779122,-6.288504393402221,-10.94612238052494,3260292.0,
2026-09-23 09:53:25,IEF,90.64,90.65,90.64,90.64097653014495,0.44389083271978436,1.1032048099735356,-8.107736057392005,-8.995517722830463,1015383.0,
2026-09-23 09:53:25,SHY,81.2,81.21,81.205,81.21098445899786,-0.7369026539605361,1.231451265315055,-9.352582913632938,-7.878777605711866,542813.0,
2026-09-23 09:53:25,LQD,104.43,104.44,104.435,104.46006935894496,-2.3998987458850873,0.957533393976244,-10.878550543713443,-6.078753051943268,3585054.0,
2026-09-23 09:53:25,VCIT,79.52,79.53,79.525,79.55071515760838,-3.2325488912865463,1.257466205596368,-11.861078753035763,-5.39598097046156,989471.0,
2026-09-23 09:53:25,HYG,78.41,78.42,78.42,78.38771239875983,3.481106975204984,1.2752662118223703,-5.156748097610901,-12.118962048020869,3575879.0,
2026-09-23 09:53:25,AGG,95.8,95.81,95.805,95.77995917523766,2.6144117180648685,1.0437868587239827,-5.907618155728038,-11.136441591855554,3593125.0,
2026-09-23 09:53:25,TIP,105.21,105.22,105.215,105.17826360115765,3.4927747981905455,0.9504348239324351,-4.982608596516329,-11.9681581928952,117357.0,
2026-09-23 09:53:25,MUB,102.38,102.39,102.4,102.44529096617461,-5.885186679251975,0.9767055721057886,-14.373252060573042,-2.6028787020702033,720458.0,
2026-09-23 09:53:35,SPY,770.85,770.87,770.855,770.9444016661575,-1.0947827881635508,0.2594504838749164,-4.2244938280048245,-2.034928251677723,2630787.0,
2026-09-23 09:53:35,QQQ,743.2,743.24,743.16,743.4963413777876,-3.7167819450933948,0.5381986491209012,-6.985781251303333,0.4477826388845667,3696215.0,EX-DIV?
2026-09-23 09:53:35,XLK,195.23,195.26,195.27,195.34409759496066,-5.072976157494136,1.5365310251223403,-8.840851930793978,1.305100384196514,885852.0,EX-DIV?
2026-09-23 09:53:35,XLF,54.84,54.85,54.845,54.8032208754286,7.623479770717534,1.8233202662043961,3.7111246353568355,-11.535834906078232,6574099.0,EX-DIV?
2026-09-23 09:53:35,XLE,62.72,62.73,62.715,62.75237734035919,-4.362757479402513,1.5942606616178574,-8.159540041579369,0.5659749172245458,5260551.0,EX-DIV?
2026-09-23 09:53:35,XLV,169.78,169.83,169.82,169.9586751607032,-9.04191330968418,2.9445540472902074,-13.51285911320754,4.5709675061608195,1157314.0,EX-DIV?
2026-09-23 09:53:35,IWM,283.99,284.01,284.0,284.02446853979603,-0.8614940790785397,0.7042253521120356,-4.213576420835416,-2.490588262679447,2795869.0,EX-DIV?
2026-09-23 09:53:35,AAPU,45.74,45.8,45.72,45.72904900662252,8.955137766268884,13.109023377757302,-0.6052435781248562,-18.515519110664844,273073.0,
2026-09-23 09:53:35,TLT,81.01,81.02,81.015,80.99613754664377,2.32880899356136,1.2343393198779122,-6.288504393402221,-10.94612238052494,3300766.0,
2026-09-23 09:53:35,IEF,90.64,90.65,90.64,90.64097653014495,0.44389083271978436,1.1032048099735356,-8.107736057392005,-8.995517722830463,1015944.0,
2026-09-23 09:53:35,SHY,81.2,81.21,81.205,81.21098445899786,-0.7369026539605361,1.231451265315055,-9.352582913632938,-7.878777605711866,542941.0,
2026-09-23 09:53:35,LQD,104.43,104.44,104.43,104.46006935894496,-2.3998987458850873,0.957533393976244,-10.878550543713443,-6.078753051943268,3603064.0,
2026-09-23 09:53:35,VCIT,79.52,79.53,79.525,79.55071515760838,-3.2325488912865463,1.257466205596368,-11.861078753035763,-5.39598097046156,1009134.0,
2026-09-23 09:53:35,HYG,78.42,78.43,78.414,78.38771239875983,4.756817120838974,1.2751036021683282,-3.881037951979131,-13.39467219365486,3576679.0,
2026-09-23 09:53:35,AGG,95.8,95.81,95.805,95.77995917523766,2.6144117180648685,1.0437868587239827,-5.907618155728038,-11.136441591855554,3610591.0,
2026-09-23 09:53:35,TIP,105.21,105.22,105.215,105.19599482763157,1.8066441027131397,0.9504348239324351,-6.66865916412717,-10.28194736955123,117757.0,
2026-09-23 09:53:35,MUB,102.38,102.39,102.4,102.44529096617461,-5.885186679251975,0.9767055721057886,-14.373252060573042,-2.6028787020702033,722637.0,
2026-09-23 09:53:47,SPY,770.85,770.88,770.8699,771.0380697470774,-2.244632967788318,0.38917320153298846,-5.43917589100473,-0.9499099554280939,2696917.0,
2026-09-23 09:53:47,QQQ,743.2,743.24,743.16,743.7642482105392,-7.317482815940579,0.5381986491209012,-10.586385227533743,4.048580404348526,3721314.0,EX-DIV?
2026-09-23 09:53:47,XLK,195.23,195.26,195.27,195.47363328982692,-11.696374901259965,1.5365310251223403,-15.463741821675534,7.9290079808455065,889845.0,EX-DIV?
2026-09-23 09:53:47,XLF,54.83,54.84,54.835,54.80499505816472,5.474855312628257,1.8236527765122852,1.5625297126172804,-9.387180912639234,6589017.0,EX-DIV?
2026-09-23 09:53:47,XLE,62.72,62.73,62.715,62.73018946686621,-0.8272678450871318,1.5942606616178574,-4.624332231865422,-2.9697965416933787,5266261.0,EX-DIV?
2026-09-23 09:53:47,XLV,169.78,169.83,169.82,169.95644371853496,-8.91073708189305,2.9445540472902074,-13.381702198191123,4.439771965594977,1164152.0,EX-DIV?
2026-09-23 09:53:47,IWM,283.99,284.01,284.0,284.02446853979603,-0.8614940790785397,0.7042253521120356,-4.213576420835416,-2.490588262679447,2807890.0,EX-DIV?
2026-09-23 09:53:47,AAPU,45.74,45.8,45.72,45.68289506990433,19.067296405443912,13.109023377757302,9.500287034848956,-28.634305776038868,273391.0,SELL ETF / BUY AAPL
2026-09-23 09:53:47,TLT,81.01,81.02,81.015,80.99613754664377,2.32880899356136,1.2343393198779122,-6.288504393402221,-10.94612238052494,3305998.0,
2026-09-23 09:53:47,IEF,90.62,90.63,90.63,90.64097653014495,-1.762616727727373,1.1034482758610653,-10.314243617838052,-6.789010162384416,1024602.0,
2026-09-23 09:53:47,SHY,81.2,81.21,81.205,81.21098445899786,-0.7369026539605361,1.231451265315055,-9.352582913632938,-7.878777605711866,543448.0,
2026-09-23 09:53:47,LQD,104.43,104.44,104.43,104.44795530815544,-1.240360150394082,0.957533393976244,-9.719067463069601,-7.238347162280327,3643339.0,
2026-09-23 09:53:47,VCIT,79.52,79.53,79.525,79.543036602947,-2.2675275822103824,1.257466205596368,-10.896118118044244,-6.361062953622369,1016301.0,
2026-09-23 09:53:47,HYG,78.42,78.43,78.414,78.38771239875983,4.756817120838974,1.2751036021683282,-3.881037951979131,-13.39467219365486,3602032.0,
2026-09-23 09:53:47,AGG,95.8,95.81,95.805,95.77995917523766,2.6144117180648685,1.0437868587239827,-5.907618155728038,-11.136441591855554,3616793.0,
2026-09-23 09:53:47,TIP,105.21,105.22,105.21,105.19599482763157,1.8066441027131397,0.9504348239324351,-6.66865916412717,-10.28194736955123,118460.0,
2026-09-23 09:53:47,MUB,102.38,102.39,102.4,102.44529096617461,-5.885186679251975,0.9767055721057886,-14.373252060573042,-2.6028787020702033,724609.0,
2026-09-23 09:53:58,SPY,770.85,770.88,770.8699,771.1136555095097,-3.2246285321635426,0.38917320153298846,-6.4191523859794515,0.03010467834763375,2720877.0,
2026-09-23 09:53:58,QQQ,743.2,743.24,743.16,743.8461652190887,-8.417939734948199,0.5381986491209012,-11.686812533318378,5.14906693657691,3746394.0,EX-DIV?
2026-09-23 09:53:58,XLK,195.52,195.54,195.51,195.52162780345475,0.4281979768339106,1.0228609420539974,-3.083254393543619,-3.93965034720922,900436.0,EX-DIV?
2026-09-23 09:53:58,XLF,54.77,54.78,54.775,54.79293757236078,-3.2737015308004214,1.825650387950344,-7.186227893053784,-0.638824831449611,6599655.0,EX-DIV?
2026-09-23 09:53:58,XLE,62.72,62.73,62.715,62.73755180510633,-2.000684557365018,1.5942606616178574,-5.79765540753818,-1.7962862928103647,5276620.0,EX-DIV?
2026-09-23 09:53:58,XLV,169.78,169.83,169.82,169.9859309272815,-10.643876601698077,2.9445540472902074,-15.114586551846829,6.173166651549325,1169073.0,EX-DIV?
2026-09-23 09:53:58,IWM,283.99,284.01,284.0,284.02446853979603,-0.8614940790785397,0.7042253521120356,-4.213576420835416,-2.490588262679447,2812575.0,EX-DIV?
2026-09-23 09:53:58,AAPU,45.74,45.8,45.72,45.71140191317144,12.819140165480913,13.109023377757302,3.256226156196032,-22.382054174765795,273706.0,SELL ETF / BUY AAPL
2026-09-23 09:53:58,TLT,81.01,81.02,81.015,80.99613754664377,2.32880899356136,1.2343393198779122,-6.288504393402221,-10.94612238052494,3313766.0,
2026-09-23 09:53:58,IEF,90.62,90.63,90.63,90.64097653014495,-1.762616727727373,1.1034482758610653,-10.314243617838052,-6.789010162384416,1025702.0,
2026-09-23 09:53:58,SHY,81.2,81.21,81.205,81.21098445899786,-0.7369026539605361,1.231451265315055,-9.352582913632938,-7.878777605711866,543543.0,
2026-09-23 09:53:58,LQD,104.43,104.44,104.43,104.44795530815544,-1.240360150394082,0.957533393976244,-9.719067463069601,-7.238347162280327,3672621.0,
2026-09-23 09:53:58,VCIT,79.52,79.53,79.525,79.543036602947,-2.2675275822103824,1.257466205596368,-10.896118118044244,-6.361062953622369,1031146.0,
2026-09-23 09:53:58,HYG,78.42,78.43,78.414,78.38771239875983,4.756817120838974,1.2751036021683282,-3.881037951979131,-13.39467219365486,3681824.0,
2026-09-23 09:53:58,AGG,95.8,95.81,95.805,95.77995917523766,2.6144117180648685,1.0437868587239827,-5.907618155728038,-11.136441591855554,3624244.0,
2026-09-23 09:53:58,TIP,105.21,105.22,105.21,105.19599482763157,1.8066441027131397,0.9504348239324351,-6.66865916412717,-10.28194736955123,118510.0,
2026-09-23 09:53:58,MUB,102.38,102.39,102.4,102.44529096617461,-5.885186679251975,0.9767055721057886,-14.373252060573042,-2.6028787020702033,725509.0,
2026-09-23 09:54:08,SPY,770.85,770.88,770.8699,771.01696848537,-1.97101350011053,0.38917320153298846,-5.165561747595746,-1.2235347473735754,2739486.0,
2026-09-23 09:54:08,QQQ,743.2,743.24,743.16,743.70599857714,-6.534821260952839,0.5381986491209012,-9.803744733914208,3.26589778799036,3865752.0,EX-DIV?
2026-09-23 09:54:08,XLK,195.52,195.54,195.51,195.4640414874762,3.3744576251382163,1.0228609420539974,-0.13714542593390178,-6.8860606762103345,904449.0,EX-DIV?
2026-09-23 09:54:08,XLF,54.77,54.78,54.775,54.78440447044555,-1.71663277833356,1.825650387950344,-5.629301273744389,-2.1960357170761586,6616093.0,EX-DIV?
2026-09-23 09:54:08,XLE,62.71,62.72,62.715,62.73442611931795,-3.096564441508187,1.5945148688508348,-6.893575000031291,-0.7004461170149163,5293812.0,EX-DIV?
2026-09-23 09:54:08,XLV,169.96,170.01,169.985,169.936097910395,2.8776752088766067,2.941436009058619,-1.5934660205266766,-7.34881643827989,1171810.0,EX-DIV?
2026-09-23 09:54:08,IWM,283.99,284.01,284.0,284.02446853979603,-0.8614940790785397,0.7042253521120356,-4.213576420835416,-2.490588262679447,2821739.0,EX-DIV?
2026-09-23 09:54:08,AAPU,45.74,45.8,45.72,45.661175570272256,23.83303284871907,13.109023377757302,14.26289977060258,-33.40316592683779,274029.0,SELL ETF / BUY AAPL
2026-09-23 09:54:08,TLT,81.01,81.02,81.015,80.99613754664377,2.32880899356136,1.2343393198779122,-6.288504393402221,-10.94612238052494,3335715.0,
2026-09-23 09:54:08,IEF,90.62,90.63,90.63,90.62993347759485,-0.5443541008520736,1.1034482758610653,-9.096048205452282,-8.007340003749245,1026589.0,
2026-09-23 09:54:08,SHY,81.2,81.21,81.205,81.21098445899786,-0.7369026539605361,1.231451265315055,-9.352582913632938,-7.878777605711866,543549.0,
2026-09-23 09:54:08,LQD,104.43,104.44,104.43,104.44795530815544,-1.240360150394082,0.957533393976244,-9.719067463069601,-7.238347162280327,3705014.0,
2026-09-23 09:54:08,VCIT,79.52,79.53,79.525,79.543036602947,-2.2675275822103824,1.257466205596368,-10.896118118044244,-6.361062953622369,1034176.0,
2026-09-23 09:54:08,HYG,78.42,78.43,78.414,78.38771239875983,4.756817120838974,1.2751036021683282,-3.881037951979131,-13.39467219365486,3693686.0,
2026-09-23 09:54:08,AGG,95.8,95.81,95.805,95.77995917523766,2.6144117180648685,1.0437868587239827,-5.907618155728038,-11.136441591855554,3628634.0,
2026-09-23 09:54:08,TIP,105.21,105.22,105.21,105.19599482763157,1.8066441027131397,0.9504348239324351,-6.66865916412717,-10.28194736955123,118510.0,
2026-09-23 09:54:08,MUB,102.38,102.39,102.4,102.44529096617461,-5.885186679251975,0.9767055721057886,-14.373252060573042,-2.6028787020702033,729386.0,
2026-09-23 09:54:19,SPY,770.85,770.88,770.8699,770.8803012524918,-0.19849064072485767,0.38917320153298846,-3.393073379129083,-2.9960920976793677,2750127.0,
2026-09-23 09:54:19,QQQ,743.6,743.64,743.585,743.5604953067634,0.8002670073548046,0.537909147144558,-2.4687090897649284,-4.069243104474538,3888481.0,EX-DIV?
2026-09-23 09:54:19,XLK,195.52,195.54,195.51,195.40138868762,6.5819037031311645,1.0228609420539974,3.0701366134940926,-10.093670792768236,905516.0,EX-DIV?
2026-09-23 09:54:19,XLF,54.77,54.78,54.775,54.78019663106534,-0.9486331530228487,1.825650387950344,-4.861371753374419,-2.9641054473276114,6627244.0,EX-DIV?
2026-09-23 09:54:19,XLE,62.71,62.72,62.715,62.71202530178489,0.4743425524522671,1.5945148688508348,-3.322952699286505,-4.271637804189929,5309960.0,EX-DIV?
2026-09-23 09:54:19,XLV,169.96,170.01,169.985,169.92441786655132,3.5652400172558885,2.941436009058619,-0.9060023335408758,-8.036482368052653,1172556.0,EX-DIV?
2026-09-23 09:54:19,IWM,283.99,284.01,284.0,284.02446853979603,-0.8614940790785397,0.7042253521120356,-4.213576420835416,-2.490588262679447,2826010.0,EX-DIV?
2026-09-23 09:54:19,AAPU,45.74,45.8,45.72,45.61502163355408,33.975291668373316,13.109023377757302,24.398510834857337,-43.5520725018893,274335.0,SELL ETF / BUY AAPL
2026-09-23 09:54:19,TLT,81.01,81.02,81.015,80.99613754664377,2.32880899356136,1.2343393198779122,-6.288504393402221,-10.94612238052494,3340188.0,
2026-09-23 09:54:19,IEF,90.62,90.63,90.63,90.62993347759485,-0.5443541008520736,1.1034482758610653,-9.096048205452282,-8.007340003749245,1030715.0,
2026-09-23 09:54:19,SHY,81.2,81.21,81.205,81.21098445899786,-0.7369026539605361,1.231451265315055,-9.352582913632938,-7.878777605711866,544533.0,
2026-09-23 09:54:19,LQD,104.43,104.44,104.43,104.44795530815544,-1.240360150394082,0.957533393976244,-9.719067463069601,-7.238347162280327,3757464.0,
2026-09-23 09:54:19,VCIT,79.52,79.53,79.525,79.543036602947,-2.2675275822103824,1.257466205596368,-10.896118118044244,-6.361062953622369,1042057.0,
2026-09-23 09:54:19,HYG,78.42,78.43,78.414,78.38771239875983,4.756817120838974,1.2751036021683282,-3.881037951979131,-13.39467219365486,3716530.0,
2026-09-23 09:54:19,AGG,95.8,95.81,95.805,95.77995917523766,2.6144117180648685,1.0437868587239827,-5.907618155728038,-11.136441591855554,3634433.0,
2026-09-23 09:54:19,TIP,105.21,105.22,105.21,105.19599482763157,1.8066441027131397,0.9504348239324351,-6.66865916412717,-10.28194736955123,118510.0,
2026-09-23 09:54:19,MUB,102.38,102.39,102.385,102.44529096617461,-5.885186679251975,0.9767055721057886,-14.373252060573042,-2.6028787020702033,731958.0,
2026-09-23 09:54:29,SPY,770.85,770.88,770.8699,770.6669307739858,2.570101532906044,0.38917320153298846,-0.6245350785930555,-5.764738144405143,2758472.0,
2026-09-23 09:54:29,QQQ,743.6,743.64,743.585,743.2789187256303,4.5888732449794745,0.537909147144558,1.3197952515616755,-7.857951238395053,3900459.0,EX-DIV?
2026-09-23 09:54:29,XLK,195.52,195.54,195.51,195.3166495081882,10.923313109714172,1.0228609420539974,7.411323987169485,-14.435302232256639,909020.0,EX-DIV?
2026-09-23 09:54:29,XLF,54.77,54.78,54.775,54.78546732077426,-1.9106017135828157,1.825650387950344,-5.823252503021401,-2.0020490758535487,6644994.0,EX-DIV?
2026-09-23 09:54:29,XLE,62.71,62.72,62.715,62.720487162172994,-0.8748596226304528,1.5945148688508348,-4.6720473082232346,-2.9223280629601085,5327867.0,EX-DIV?
2026-09-23 09:54:29,XLV,169.96,170.01,169.985,169.90803063333044,4.530060549974291,2.941436009058619,0.058676301281870735,-9.00144479866227,1172639.0,EX-DIV?
2026-09-23 09:54:29,IWM,283.97,283.98,283.9899,284.02446853979603,-1.7416999334718408,0.3521436746189244,-4.917741104350279,-1.4343412374065974,2830798.0,EX-DIV?
2026-09-23 09:54:29,AAPU,45.61,45.65,45.64,45.53628844738778,20.579532458049332,8.766162612316272,13.18743097549169,-27.971633940609195,275141.0,SELL ETF / BUY AAPL
2026-09-23 09:54:29,TLT,81.05,81.06,81.05,81.02126629508898,4.163561797241311,1.2337301832095633,-4.453560129958671,-12.780683724436852,3345664.0,
2026-09-23 09:54:29,IEF,90.62,90.63,90.63,90.62993347759485,-0.5443541008520736,1.1034482758610653,-9.096048205452282,-8.007340003749245,1032436.0,
2026-09-23 09:54:29,SHY,81.2,81.21,81.205,81.21098445899786,-0.7369026539605361,1.231451265315055,-9.352582913632938,-7.878777605711866,544633.0,
2026-09-23 09:54:29,LQD,104.43,104.44,104.43,104.44795530815544,-1.240360150394082,0.957533393976244,-9.719067463069601,-7.238347162280327,3771584.0,
2026-09-23 09:54:29,VCIT,79.51,79.52,79.51,79.543036602947,-3.5247086538758854,1.2576243476062259,-12.153299189707527,-5.103881881955756,1043708.0,
2026-09-23 09:54:29,HYG,78.42,78.43,78.414,78.37507265542071,6.3703091924161015,1.2751036021683282,-2.267648748880184,-15.008267133707946,3721668.0,
2026-09-23 09:54:29,AGG,95.78,95.79,95.79,95.76616213141715,1.967069386887843,1.0440048024226254,-6.5550356958174945,-10.489174469595401,3635580.0,
2026-09-23 09:54:29,TIP,105.21,105.22,105.21,105.19599482763157,1.8066441027131397,0.9504348239324351,-6.66865916412717,-10.28194736955123,118910.0,
2026-09-23 09:54:29,MUB,102.38,102.39,102.385,102.43876148687835,-5.248158616720788,0.9767055721057886,-13.736255107484656,-3.2399378740441893,733900.0,
2026-09-23 09:54:39,SPY,770.77,770.78,770.76,770.7205982546941,0.7058556035621777,0.12973954785755773,-2.359018749236494,-3.7707299563608494,2766405.0,
2026-09-23 09:54:39,QQQ,743.6,743.64,743.585,743.2532561184013,4.934305750827761,0.537909147144558,1.6652184668460883,-8.203393034811654,3910120.0,EX-DIV?
2026-09-23 09:54:39,XLK,195.52,195.54,195.51,195.2766153934649,12.975675864954628,1.0228609420539974,9.46358177832585,-16.487769951583406,910361.0,EX-DIV?
2026-09-23 09:54:39,XLF,54.77,54.78,54.775,54.799644213629925,-4.497148473053825,1.825650387950344,-8.409563155986952,0.5847337901218079,6652838.0,EX-DIV?
2026-09-23 09:54:39,XLE,62.71,62.72,62.715,62.73120633858571,-2.5834571868799117,1.5945148688508348,-6.380508653260117,-1.2135942795002936,5337600.0,EX-DIV?
2026-09-23 09:54:39,XLV,169.96,170.01,169.985,169.91381190795286,4.1896589363621395,2.941436009058619,-0.2816752488502523,-8.660993121574531,1173617.0,EX-DIV?
2026-09-23 09:54:39,IWM,283.97,283.98,283.9899,284.02446853979603,-1.7416999334718408,0.3521436746189244,-4.917741104350279,-1.4343412374065974,2832895.0,EX-DIV?
2026-09-23 09:54:39,AAPU,45.61,45.65,45.64,45.49830647240618,28.944709771492327,8.766162612316272,21.54894176370237,-36.34047777928228,275191.0,SELL ETF / BUY AAPL
2026-09-23 09:54:39,TLT,81.05,81.06,81.05,81.02126629508898,4.163561797241311,1.2337301832095633,-4.453560129958671,-12.780683724436852,3350334.0,
2026-09-23 09:54:39,IEF,90.62,90.63,90.625,90.62993347759485,-0.5443541008520736,1.1034482758610653,-9.096048205452282,-8.007340003749245,1032654.0,
2026-09-23 09:54:39,SHY,81.2,81.21,81.205,81.21098445899786,-0.7369026539605361,1.231451265315055,-9.352582913632938,-7.878777605711866,544643.0,
2026-09-23 09:54:39,LQD,104.42,104.43,104.42,104.44189828276068,-1.6179601327159787,0.957625089777842,-10.096695207643995,-6.860774942212037,3781293.0,
2026-09-23 09:54:39,VCIT,79.51,79.52,79.51,79.53919732561631,-3.0421888112919238,1.2576243476062259,-11.670809688559595,-5.586432065974638,1047675.0,
2026-09-23 09:54:39,HYG,78.4,78.41,78.405,78.37507265542071,3.8184774272398414,1.2754288629540087,-4.819480514054224,-12.456435368531686,3724900.0,
2026-09-23 09:54:39,AGG,95.78,95.79,95.79,95.76616213141715,1.967069386887843,1.0440048024226254,-6.5550356958174945,-10.489174469595401,3636069.0,
2026-09-23 09:54:39,TIP,105.21,105.22,105.21,105.19846895225584,1.5714152410017945,0.9504348239324351,-6.903876847353711,-10.04670732935508,118911.0,
2026-09-23 09:54:39,MUB,102.38,102.39,102.385,102.43876148687835,-5.248158616720788,0.9767055721057886,-13.736255107484656,-3.2399378740441893,736668.0,
2026-09-23 09:54:50,SPY,770.77,770.78,770.76,770.7143370854535,0.7870998582415467,0.12973954785755773,-2.277775021586656,-3.8519747380697495,2787561.0,
2026-09-23 09:54:50,QQQ,743.6,743.64,743.585,743.1894260714853,5.793595998677681,0.537909147144558,2.5244856036917867,-9.062706393663575,3917686.0,EX-DIV?
2026-09-23 09:54:50,XLK,195.27,195.29,195.27,195.24285854749408,1.9023206678192572,1.0241704219572825,-1.609861958185352,-5.414503293826087,911203.0,EX-DIV?
2026-09-23 09:54:50,XLF,54.79,54.8,54.79,54.807008926243036,-2.19112965263224,1.8249840313893624,-6.103421729495626,-1.7211624242311458,6665027.0,EX-DIV?
2026-09-23 09:54:50,XLE,62.71,62.72,62.715,62.73744347722503,-3.5773656019588707,1.5945148688508348,-7.3743378282523615,-0.21960662433350997,5347386.0,EX-DIV?
2026-09-23 09:54:50,XLV,169.96,170.01,169.985,169.93794757419516,2.768800404884253,2.941436009058619,-1.7023248121076335,-7.2399256218716985,1180200.0,EX-DIV?
2026-09-23 09:54:50,IWM,283.97,283.98,283.9899,284.02446853979603,-1.7416999334718408,0.3521436746189244,-4.917741104350279,-1.4343412374065974,2844869.0,EX-DIV?
2026-09-23 09:54:50,AAPU,45.61,45.65,45.64,45.500994260485655,28.352290232560584,8.766162612316272,20.956781887073397,-35.747798578049995,275218.0,SELL ETF / BUY AAPL
2026-09-23 09:54:50,TLT,81.05,81.06,81.05,81.02126629508898,4.163561797241311,1.2337301832095633,-4.453560129958671,-12.780683724436852,3351750.0,
2026-09-23 09:54:50,IEF,90.62,90.63,90.625,90.62993347759485,-0.5443541008520736,1.1034482758610653,-9.096048205452282,-8.007340003749245,1033064.0,
2026-09-23 09:54:50,SHY,81.2,81.21,81.205,81.21098445899786,-0.7369026539605361,1.231451265315055,-9.352582913632938,-7.878777605711866,544643.0,
2026-09-23 09:54:50,LQD,104.42,104.43,104.42,104.44189828276068,-1.6179601327159787,0.957625089777842,-10.096695207643995,-6.860774942212037,3791092.0,
2026-09-23 09:54:50,VCIT,79.51,79.52,79.51,79.53919732561631,-3.0421888112919238,1.2576243476062259,-11.670809688559595,-5.586432065974638,1048257.0,
2026-09-23 09:54:50,HYG,78.4,78.41,78.405,78.37507265542071,3.8184774272398414,1.2754288629540087,-4.819480514054224,-12.456435368531686,3729499.0,
2026-09-23 09:54:50,AGG,95.78,95.79,95.79,95.76616213141715,1.967069386887843,1.0440048024226254,-6.5550356958174945,-10.489174469595401,3636073.0,
2026-09-23 09:54:50,TIP,105.2,105.21,105.22,105.19846895225584,0.6208310642930037,0.950525165152883,-7.8544610240602815,-9.096123152646289,118911.0,
2026-09-23 09:54:50,MUB,102.38,102.39,102.385,102.43876148687835,-5.248158616720788,0.9767055721057886,-13.736255107484656,-3.2399378740441893,737038.0,
2026-09-23 09:56:09,SPY,770.77,770.78,770.76,770.7903437969698,-0.19906576533057496,0.12973954785755773,-3.263934247924924,-2.865802717262664,2795036.0,
2026-09-23 09:56:09,QQQ,743.6,743.64,743.585,743.2583527693778,4.865700187219879,0.537909147144558,1.5966147484155506,-8.134785626024208,3920841.0,EX-DIV?
2026-09-23 09:56:09,XLK,195.27,195.29,195.27,195.2549524133123,1.2828144115228923,1.0241704219572825,-2.229336490484954,-4.794965313530739,912520.0,EX-DIV?
2026-09-23 09:56:09,XLF,54.79,54.8,54.79,54.812030784827385,-3.1071253123682308,1.8249840313893624,-7.019333805359571,-0.8050831806219989,6666573.0,EX-DIV?
2026-09-23 09:56:09,XLE,62.72,62.73,62.725,62.741832851133765,-2.6828752634167063,1.5942606616178574,-6.479791734100068,-1.1140412072688761,5363571.0,EX-DIV?
2026-09-23 09:56:09,XLV,169.89,169.93,169.91,169.95770526991132,-2.8068906811584693,2.3541875110364585,-6.983654039327877,-1.3698726770109388,1189223.0,EX-DIV?
2026-09-23 09:56:09,IWM,283.97,283.98,283.9899,284.02446853979603,-1.7416999334718408,0.3521436746189244,-4.917741104350279,-1.4343412374065974,2855826.0,EX-DIV?
2026-09-23 09:56:09,AAPU,45.61,45.65,45.64,45.52583593818984,22.880208493387677,8.766162612316272,15.48709860581721,-30.273318380958145,275686.0,SELL ETF / BUY AAPL
2026-09-23 09:56:09,TLT,81.05,81.06,81.05,81.02126629508898,4.163561797241311,1.2337301832095633,-4.453560129958671,-12.780683724436852,3357715.0,
2026-09-23 09:56:09,IEF,90.62,90.63,90.625,90.62993347759485,-0.5443541008520736,1.1034482758610653,-9.096048205452282,-8.007340003749245,1033307.0,
2026-09-23 09:56:09,SHY,81.2,81.21,81.205,81.21098445899786,-0.7369026539605361,1.231451265315055,-9.352582913632938,-7.878777605711866,544755.0,
2026-09-23 09:56:09,LQD,104.42,104.43,104.42,104.44189828276068,-1.6179601327159787,0.957625089777842,-10.096695207643995,-6.860774942212037,3796207.0,
2026-09-23 09:56:09,VCIT,79.51,79.52,79.51,79.53919732561631,-3.0421888112919238,1.2576243476062259,-11.670809688559595,-5.586432065974638,1048282.0,
2026-09-23 09:56:09,HYG,78.4,78.41,78.405,78.37507265542071,3.8184774272398414,1.2754288629540087,-4.819480514054224,-12.456435368531686,3758213.0,
2026-09-23 09:56:09,AGG,95.78,95.79,95.79,95.76616213141715,1.967069386887843,1.0440048024226254,-6.5550356958174945,-10.489174469595401,3640656.0,
2026-09-23 09:56:09,TIP,105.2,105.21,105.22,105.19846895225584,0.6208310642930037,0.950525165152883,-7.8544610240602815,-9.096123152646289,118911.0,
2026-09-23 09:56:09,MUB,102.38,102.39,102.385,102.43876148687835,-5.248158616720788,0.9767055721057886,-13.736255107484656,-3.2399378740441893,737038.0,
2026-09-23 09:56:19,SPY,770.47,770.49,770.5,770.5843154002353,-1.3537181869716086,0.2595784446057238,-4.483489839471108,-1.776053465527891,2903945.0,
2026-09-23 09:56:19,QQQ,742.94,742.97,742.95,743.0358868956906,-1.0886001217047525,0.403792961888307,-4.290474624195959,-2.1132743807853434,4034999.0,EX-DIV?
2026-09-23 09:56:19,XLK,195.22,195.24,195.25,195.30966027507202,-4.078665385000013,1.024432720381613,-7.59067282927772,0.5666579407234167,926056.0,EX-DIV?
2026-09-23 09:56:19,XLF,54.81,54.82,54.82,54.7982389854557,3.0586775879326566,1.8243181610869306,-0.8537604926631666,-6.9711156685307,6822690.0,EX-DIV?
2026-09-23 09:56:19,XLE,62.74,62.75,62.745,62.74979386614902,-0.7639652425373011,1.5937524902379487,-4.5607806090822685,-3.0328501240054457,5522595.0,EX-DIV?
2026-09-23 09:56:19,XLV,169.74,169.77,169.76,169.757735963251,-0.16116869346105567,1.7672528055138956,-4.044780854926319,-3.722443468004208,1212946.0,EX-DIV?
2026-09-23 09:56:19,IWM,284.05,284.07,284.04,284.1109714501127,-1.7940683477490893,0.7040766035338242,-5.146043491438876,-1.5579067959406974,2905720.0,EX-DIV?
2026-09-23 09:56:19,AAPU,45.53,45.58,45.55,45.52678616629875,6.197194240373793,10.975743606628724,-2.2940785036932283,-14.688466984440815,277317.0,
2026-09-23 09:56:19,TLT,80.98,80.99,80.985,80.96263254871681,2.762688240125488,1.2347965672644199,-5.85488061140537,-11.380257091654126,3739212.0,
2026-09-23 09:56:19,IEF,90.58,90.59,90.585,90.59680431994452,-1.30295102935718,1.103935530165603,-9.854846875743998,-7.248944817027418,1068427.0,
2026-09-23 09:56:19,SHY,81.19,81.2,81.1905,81.1964490535309,-0.1784626726653027,1.2316029312156065,-8.794253148515,-8.437327803186616,547889.0,
2026-09-23 09:56:19,LQD,104.38,104.39,104.385,104.3934420796026,-0.8086791118699921,0.9579920486664862,-9.287636400795211,-7.670278177055227,3928282.0,
2026-09-23 09:56:19,VCIT,79.49,79.5,79.495,79.5084831069708,-1.6958073458217537,1.2579407509912717,-10.324671060059957,-6.9330563684142295,1071980.0,
2026-09-23 09:56:19,HYG,78.4,78.41,78.4,78.3680786641064,4.711272309207981,1.2754288629540087,-3.9267425669051654,-13.349287185318907,4040283.0,
2026-09-23 09:56:19,AGG,95.75,95.76,95.745,95.71738470376893,3.929829084599046,1.044331888674755,-4.592542062028297,-12.452200231228609,3676284.0,
2026-09-23 09:56:19,TIP,105.2,105.21,105.185,105.17826360115765,2.542008008776797,0.950525165152883,-5.933375385927857,-11.017391403483671,123042.0,
2026-09-23 09:56:19,MUB,102.34,102.35,102.34,102.37999617321202,-3.4182627974332913,0.9770873027496121,-11.906639451748406,-5.070113856882934,839377.0,
2026-09-23 09:57:03,SPY,770.47,770.49,770.5,770.6010514814618,-1.5708709614281613,0.2595784446057238,-4.700639795518821,-1.558897872663609,2923550.0,
2026-09-23 09:57:03,QQQ,742.94,742.97,742.95,743.0950788484885,-1.8850730206088073,0.403792961888307,-5.086931442591977,-1.3167854013743625,4051546.0,EX-DIV?
2026-09-23 09:57:03,XLK,195.22,195.24,195.25,195.31273190660684,-4.235868588761127,1.024432720381613,-7.747867980833265,0.7238691966900994,928352.0,EX-DIV?
2026-09-23 09:57:03,XLF,54.81,54.82,54.82,54.800268272064656,2.6882583607434896,1.8243181610869306,-1.224145931726703,-6.6006626532159025,6844883.0,EX-DIV?
2026-09-23 09:57:03,XLE,62.74,62.75,62.745,62.74836441114707,-0.5361751144661309,1.5937524902379487,-4.333008633064292,-3.2606584041320303,5536215.0,EX-DIV?
2026-09-23 09:57:03,XLV,169.74,169.77,169.76,169.72753646678592,1.6180953182831637,1.7672528055138956,-2.265674063646525,-5.501864700215073,1216071.0,EX-DIV?
2026-09-23 09:57:03,IWM,284.05,284.07,284.04,284.1109714501127,-1.7940683477490893,0.7040766035338242,-5.146043491438876,-1.5579067959406974,2909353.0,EX-DIV?
2026-09-23 09:57:03,AAPU,45.53,45.58,45.55,45.53357350993377,4.705646496547811,10.975743606628724,-3.7848077052385882,-13.19610069833421,277428.0,
2026-09-23 09:57:03,TLT,80.98,80.99,80.985,80.99613754664377,-1.375071328229005,1.2347965672644199,-9.992384715193696,-7.242242058735686,3755456.0,
2026-09-23 09:57:03,IEF,90.58,90.59,90.585,90.60762651144363,-2.4971972354626004,1.103935530165603,-11.049027163308793,-6.054632692381372,1069415.0,
2026-09-23 09:57:03,SHY,81.19,81.2,81.1905,81.1964490535309,-0.1784626726653027,1.2316029312156065,-8.794253148515,-8.437327803186616,548999.0,
2026-09-23 09:57:03,LQD,104.38,104.39,104.385,104.3934420796026,-0.8086791118699921,0.9579920486664862,-9.287636400795211,-7.670278177055227,4079969.0,
2026-09-23 09:57:03,VCIT,79.49,79.5,79.495,79.5084831069708,-1.6958073458217537,1.2579407509912717,-10.324671060059957,-6.9330563684142295,1072399.0,
2026-09-23 09:57:03,HYG,78.4,78.41,78.4,78.3680786641064,4.711272309207981,1.2754288629540087,-3.9267425669051654,-13.349287185318907,4042771.0,
2026-09-23 09:57:03,AGG,95.75,95.76,95.745,95.71738470376893,3.929829084599046,1.044331888674755,-4.592542062028297,-12.452200231228609,3677219.0,
2026-09-23 09:57:03,TIP,105.2,105.21,105.185,105.17826360115765,2.542008008776797,0.950525165152883,-5.933375385927857,-11.017391403483671,123940.0,
2026-09-23 09:57:03,MUB,102.34,102.35,102.34,102.37999617321202,-3.4182627974332913,0.9770873027496121,-11.906639451748406,-5.070113856882934,844648.0,
2026-09-23 09:57:12,SPY,770.56,770.57,770.57,770.6201940376347,-0.7162287993711658,0.129774905427895,-3.7811116046596567,-2.3486540059151046,3009584.0,
2026-09-23 09:57:12,QQQ,742.92,742.94,742.9201,743.0151909439699,-1.1465572307012284,0.2692043664961099,-4.281143981040067,-1.9880295196353899,4112140.0,EX-DIV?
2026-09-23 09:57:12,XLK,195.25,195.27,195.31,195.2552010309699,0.24577931879710135,1.0242753252079397,-3.2663709310912754,-3.757929568684368,1072165.0,EX-DIV?
2026-09-23 09:57:12,XLF,54.76,54.77,54.76,54.803220823217615,-6.974192874704688,1.8259837487455703,-10.88654801093469,3.0618377384746847,6912526.0,EX-DIV?
2026-09-23 09:57:12,XLE,62.73,62.74,62.74,62.793905884007046,-9.380828151677179,1.594006535427611,-13.177083764322248,5.584572539032109,5636020.0,EX-DIV?
2026-09-23 09:57:12,XLV,169.71,169.75,169.76,169.74313740501836,-0.7739579472365588,2.356684145406943,-4.952208821219825,-3.4042929267455975,1244057.0,EX-DIV?
2026-09-23 09:57:12,IWM,283.98,283.99,283.98,284.1109714501127,-4.433881925421934,0.3521312745388279,-7.609869497266272,1.257894353577596,2956520.0,EX-DIV?
2026-09-23 09:57:12,AAPU,45.53,45.58,45.55,45.587899408388516,-7.2166975920062715,10.975743606628724,-15.70060896419789,-1.2672137801842371,291148.0,
2026-09-23 09:57:12,TLT,81.04,81.05,81.05,80.96263254871681,10.17351445849135,1.2338824110051088,1.555945606960492,-18.79108331002221,3798433.0,
2026-09-23 09:57:12,IEF,90.58,90.59,90.585,90.59680431994452,-1.30295102935718,1.103935530165603,-9.854846875743998,-7.248944817027418,1074681.0,
2026-09-23 09:57:12,SHY,81.19,81.2,81.1905,81.1964490535309,-0.1784626726653027,1.2316029312156065,-8.794253148515,-8.437327803186616,549089.0,
2026-09-23 09:57:12,LQD,104.38,104.39,104.385,104.3934420796026,-0.8086791118699921,0.9579920486664862,-9.287636400795211,-7.670278177055227,4291328.0,
2026-09-23 09:57:12,VCIT,79.49,79.5,79.495,79.5084831069708,-1.6958073458217537,1.2579407509912717,-10.324671060059957,-6.9330563684142295,1087864.0,
2026-09-23 09:57:12,HYG,78.4,78.41,78.4,78.3680786641064,4.711272309207981,1.2754288629540087,-3.9267425669051654,-13.349287185318907,4061479.0,
2026-09-23 09:57:12,AGG,95.75,95.76,95.745,95.71738470376893,3.929829084599046,1.044331888674755,-4.592542062028297,-12.452200231228609,3694899.0,
2026-09-23 09:57:12,TIP,105.2,105.21,105.185,105.17826360115765,2.542008008776797,0.950525165152883,-5.933375385927857,-11.017391403483671,127013.0,
2026-09-23 09:57:12,MUB,102.34,102.35,102.34,102.37999617321202,-3.4182627974332913,0.9770873027496121,-11.906639451748406,-5.070113856882934,860810.0,
2026-09-23 09:57:57,SPY,770.56,770.57,770.57,770.647958078324,-1.0764717852596029,0.129774905427895,-4.141352253023475,-1.9884086825020493,3033361.0,
2026-09-23 09:57:57,QQQ,742.92,742.94,742.9201,743.092354897647,-2.1848549050051957,0.2692043664961099,-5.319427679630115,-0.9497178696186133,4134511.0,EX-DIV?
2026-09-23 09:57:57,XLK,195.25,195.27,195.31,195.3353126573515,-3.855557724148362,1.0242753252079397,-7.367497929119724,0.3436175191758899,1074716.0,EX-DIV?
2026-09-23 09:57:57,XLF,54.76,54.77,54.76,54.801207854870725,-6.607127157965964,1.8259837487455703,-10.51951580699739,2.694738508933428,6944806.0,EX-DIV?
2026-09-23 09:57:57,XLE,62.79,62.8,62.81,62.79724436089343,-0.35739799035261477,1.592483477983599,-4.153611271825783,-3.438815291119443,5657658.0,EX-DIV?
2026-09-23 09:57:57,XLV,169.71,169.75,169.76,169.6826844406277,2.7884730565341798,2.356684145406943,-1.3901975936806394,-6.967143706748999,1262004.0,EX-DIV?
2026-09-23 09:57:57,IWM,283.98,283.99,283.98,284.01951381437175,-1.2151916573699406,0.3521312745388279,-4.391235899289578,-1.960852584550807,2980081.0,EX-DIV?
2026-09-23 09:57:57,AAPU,45.58,45.63,45.62,45.596017071376004,1.970112567055704,10.963710119505373,-6.5128224798519625,-10.45304761396115,291553.0,
2026-09-23 09:57:57,TLT,81.04,81.05,81.05,81.04639504353419,-0.17212900505159112,1.2338824110051088,-8.789059591206343,-8.44480158110316,3842682.0,
2026-09-23 09:57:57,IEF,90.62,90.63,90.62,90.61889042504475,0.6742054472952397,1.1034482758610653,-7.87755588817695,-9.22596678276743,1076718.0,
2026-09-23 09:57:57,SHY,81.19,81.2,81.195,81.1964490535309,-0.1784626726653027,1.2316029312156065,-8.794253148515,-8.437327803186616,549257.0,
2026-09-23 09:57:57,LQD,104.41,104.42,104.42,104.43584125736592,-1.9956039148061322,0.9577168031418012,-10.474366755206292,-6.483158925595138,4329587.0,
2026-09-23 09:57:57,VCIT,79.5,79.51,79.5053,79.53535804828563,-3.8169248282260426,1.2577825294013103,-12.445576049857403,-4.811726393407538,1118017.0,
2026-09-23 09:57:57,HYG,78.4,78.41,78.405,78.37085940764099,4.35628658624676,1.2754288629540087,-4.281705651912652,-12.994278824406173,4086312.0,
2026-09-23 09:57:57,AGG,95.77,95.78,95.775,95.75919392746741,1.6506062639343178,1.0441138084056503,-6.871536811309024,-10.17274933917544,3705860.0,
2026-09-23 09:57:57,TIP,105.24,105.25,105.24,105.19888130635987,4.3839528583800025,0.9501639032738006,-4.091337366945773,-12.859243083703557,128037.0,
2026-09-23 09:57:57,MUB,102.37,102.38,102.375,102.41264356969332,-3.6756760084699636,0.9768009768000885,-12.163896976674408,-4.812544959733371,867250.0,
2026-09-23 09:58:08,SPY,770.76,770.78,770.7499,770.7813382622846,-0.14710089258573866,0.2594807789610625,-3.2768393735730346,-2.9826375884026675,3111099.0,
2026-09-23 09:58:08,QQQ,743.07,743.08,743.07,743.3219481972016,-3.322223940789293,0.134575917639416,-6.38948954504259,0.254958336537106,4167870.0,EX-DIV?
2026-09-23 09:58:08,XLK,195.44,195.47,195.41,195.44952788471872,0.2799758761495852,1.5348801514415664,-3.487485686040401,-4.047437438341792,1077222.0,EX-DIV?
2026-09-23 09:58:08,XLF,54.77,54.78,54.77,54.78489533275841,-1.8062155085452059,1.825650387950344,-5.718875826618339,-2.106444809526817,6971559.0,EX-DIV?
2026-09-23 09:58:08,XLE,62.79,62.8,62.81,62.77730074755507,2.8193713705704226,1.592483477983599,-0.9770948585389156,-6.6158375996775405,5714006.0,EX-DIV?
2026-09-23 09:58:08,XLV,169.71,169.75,169.76,169.62646755653859,6.103554766707653,2.356684145406943,1.9244934864645096,-10.282616046946355,1271993.0,EX-DIV?
2026-09-23 09:58:08,IWM,283.94,283.96,283.95,283.9948012787111,-1.5775386911809353,0.7043493572805709,-4.929657812902441,-1.7745804305416808,3014922.0,EX-DIV?
2026-09-23 09:58:08,AAPU,45.58,45.63,45.62,45.68289506990433,-17.051255132831677,10.963710119505373,-25.523762941661918,8.578747324001437,291767.0,BUY ETF / SELL AAPL
2026-09-23 09:58:08,TLT,81.06,81.07,81.065,81.04639504353419,2.295593339569635,1.2335779929674835,-6.3213372465851165,-10.912523925724386,3870138.0,
2026-09-23 09:58:08,IEF,90.62,90.63,90.62,90.61889042504475,0.6742054472952397,1.1034482758610653,-7.87755588817695,-9.22596678276743,1081755.0,
2026-09-23 09:58:08,SHY,81.19,81.2,81.195,81.1964490535309,-0.1784626726653027,1.2316029312156065,-8.794253148515,-8.437327803186616,549741.0,
2026-09-23 09:58:08,LQD,104.41,104.42,104.42,104.43584125736592,-1.9956039148061322,0.9577168031418012,-10.474366755206292,-6.483158925595138,4351564.0,
2026-09-23 09:58:08,VCIT,79.5,79.51,79.5053,79.53535804828563,-3.8169248282260426,1.2577825294013103,-12.445576049857403,-4.811726393407538,1127734.0,
2026-09-23 09:58:08,HYG,78.4,78.41,78.405,78.37085940764099,4.35628658624676,1.2754288629540087,-4.281705651912652,-12.994278824406173,4161720.0,
2026-09-23 09:58:08,AGG,95.77,95.78,95.775,95.75919392746741,1.6506062639343178,1.0441138084056503,-6.871536811309024,-10.17274933917544,3715817.0,
2026-09-23 09:58:08,TIP,105.24,105.25,105.24,105.19888130635987,4.3839528583800025,0.9501639032738006,-4.091337366945773,-12.859243083703557,129334.0,
2026-09-23 09:58:08,MUB,102.37,102.38,102.375,102.42461428173644,-4.8439803346456145,0.9768009768000885,-13.332144242808923,-3.644183573518804,871025.0,
2026-09-23 09:58:17,SPY,770.76,770.78,770.7499,770.805511274119,-0.46070342777260187,0.2594807789610625,-3.590437840068958,-2.6690309845237543,3138270.0,
2026-09-23 09:58:17,QQQ,743.07,743.08,743.07,743.3960488064073,-4.3186778692561045,0.134575917639416,-7.385936768573906,1.2514189699383031,4184444.0,EX-DIV?
2026-09-23 09:58:17,XLK,195.44,195.47,195.41,195.4934725943073,-1.9679733444166736,1.5348801514415664,-5.735262389975679,-1.799315701143442,1081731.0,EX-DIV?
2026-09-23 09:58:17,XLF,54.77,54.78,54.77,54.79902660828512,-4.384495450413528,1.825650387950344,-8.296920416598683,0.47207048423059383,6982515.0,EX-DIV?
2026-09-23 09:58:17,XLE,62.79,62.8,62.81,62.76415725336463,4.914070065638043,1.592483477983599,1.1174370478747058,-8.71070308339916,5734768.0,EX-DIV?
2026-09-23 09:58:17,XLV,169.59,169.64,169.62,169.62291041894744,-0.46635321419130626,2.9478524894604217,-4.940210721897984,-4.007504293513151,1274163.0,EX-DIV?
2026-09-23 09:58:17,IWM,283.94,283.96,283.95,283.9700887430506,-0.7074246143157215,0.7043493572805709,-4.05957437925186,-2.644725150621527,3023529.0,EX-DIV?
2026-09-23 09:58:17,AAPU,,,45.62,45.64217100809419,-4.857570883352036,,-7.857570883352036,1.857570883352036,291769.0,
2026-09-23 09:58:17,TLT,81.06,81.07,81.065,81.01289004560724,6.432304089314389,1.2335779929674835,-2.184881644607721,-15.049489823236499,3874323.0,
2026-09-23 09:58:17,IEF,90.6,90.61,90.605,90.61889042504475,-1.532839894596849,1.1036918492362582,-10.084601230070149,-7.018921440876451,1082356.0,
2026-09-23 09:58:17,SHY,81.19,81.2,81.195,81.18932670485209,0.6987735184105226,1.2316029312156065,-7.917070977770717,-9.314618014596203,550471.0,
2026-09-23 09:58:17,LQD,104.4,104.41,104.405,104.41767018118165,-1.2134135113017752,0.9578085340731675,-9.692259667447349,-7.2654326448437985,4354101.0,
2026-09-23 09:58:17,VCIT,79.48,79.49,79.49,79.52384021629356,-4.884097169846058,1.2580990123911309,-13.512839442149975,-3.7446451024589695,1134143.0,
2026-09-23 09:58:17,HYG,78.4,78.41,78.41,78.37085940764099,4.35628658624676,1.2754288629540087,-4.281705651912652,-12.994278824406173,4162220.0,
2026-09-23 09:58:17,AGG,95.75,95.76,95.755,95.73132111166842,2.473473473112442,1.044331888674755,-6.0488216275853475,-10.995768573812452,3716817.0,
2026-09-23 09:58:17,TIP,105.21,105.22,105.22,105.2194990115621,-0.4275834426481495,0.9504348239324351,-8.90278053510473,-8.047613649807321,129334.0,
2026-09-23 09:58:17,MUB,102.37,102.38,102.37,102.42461428173644,-4.8439803346456145,0.9768009768000885,-13.332144242808923,-3.644183573518804,875226.0,
2026-09-23 09:58:27,SPY,770.76,770.78,770.7499,770.8530652729013,-1.077575956345278,0.2594807789610625,-4.207302365313634,-2.052150452623078,3153324.0,
2026-09-23 09:58:27,QQQ,743.07,743.08,743.07,743.3922878174897,-4.268107467473303,0.134575917639416,-7.335366707068911,1.200848227877696,4195648.0,EX-DIV?
2026-09-23 09:58:27,XLK,195.44,195.47,195.41,195.50727945298982,-2.6740412498249544,1.5348801514415664,-6.441276108903102,-1.0931936092543033,1083498.0,EX-DIV?
2026-09-23 09:58:27,XLF,54.77,54.78,54.77,54.81946910724635,-8.111918624995607,1.825650387950344,-12.02400334260145,4.199833907389763,7021654.0,EX-DIV?
2026-09-23 09:58:27,XLE,62.72,62.73,62.725,62.7455502602194,-3.2751741173964177,1.5942606616178574,-7.0720433741425754,-0.52169513934974,5757805.0,EX-DIV?
2026-09-23 09:58:27,XLV,169.59,169.64,169.62,169.62831407666954,-0.7848970699264601,2.9478524894604217,-5.25870762661784,-3.688913486763809,1275520.0,EX-DIV?
2026-09-23 09:58:27,IWM,283.94,283.96,283.95,283.9700887430506,-0.7074246143157215,0.7043493572805709,-4.05957437925186,-2.644725150621527,3034450.0,EX-DIV?
2026-09-23 09:58:27,AAPU,,,45.62,45.60687682119206,2.8774561475430893,,-0.12254385245691068,-5.877456147543089,291769.0,
2026-09-23 09:58:27,TLT,81.06,81.07,81.065,81.01289004560724,6.432304089314389,1.2335779929674835,-2.184881644607721,-15.049489823236499,3880330.0,
2026-09-23 09:58:27,IEF,90.6,90.61,90.605,90.61889042504475,-1.532839894596849,1.1036918492362582,-10.084601230070149,-7.018921440876451,1084475.0,
2026-09-23 09:58:27,SHY,81.19,81.2,81.195,81.18932670485209,0.6987735184105226,1.2316029312156065,-7.917070977770717,-9.314618014596203,550471.0,
2026-09-23 09:58:27,LQD,104.4,104.41,104.405,104.42760620460739,-2.164772843982199,0.9578085340731675,-10.643573439123914,-6.314027751158406,4358019.0,
2026-09-23 09:58:27,VCIT,79.48,79.49,79.49,79.52384021629356,-4.884097169846058,1.2580990123911309,-13.512839442149975,-3.7446451024589695,1136882.0,
2026-09-23 09:58:27,HYG,78.4,78.41,78.41,78.37085940764099,4.35628658624676,1.2754288629540087,-4.281705651912652,-12.994278824406173,4167697.0,
2026-09-23 09:58:27,AGG,95.75,95.76,95.755,95.73132111166842,2.473473473112442,1.044331888674755,-6.0488216275853475,-10.995768573812452,3724685.0,
2026-09-23 09:58:27,TIP,105.21,105.22,105.22,105.2194990115621,-0.4275834426481495,0.9504348239324351,-8.90278053510473,-8.047613649807321,130258.0,
2026-09-23 09:58:27,MUB,102.37,102.38,102.37,102.42461428173644,-4.8439803346456145,0.9768009768000885,-13.332144242808923,-3.644183573518804,875526.0,
2026-09-23 10:00:15,SPY,770.76,770.78,770.7499,770.8167981003328,-0.607123514279051,0.2594807789610625,-3.7368560269160884,-2.5226089983568762,3182980.0,
2026-09-23 10:00:15,QQQ,743.07,743.08,743.07,743.3753863115664,-4.040842851373849,0.134575917639416,-7.10810362018621,0.9735820825603785,4205646.0,EX-DIV?
2026-09-23 10:00:15,XLK,195.44,195.47,195.41,195.49090691821792,-1.8367564396715164,1.5348801514415664,-5.604055555341933,-1.9305426760000106,1084992.0,EX-DIV?
2026-09-23 10:00:15,XLF,54.77,54.78,54.77,54.815641553732085,-7.414225680865139,1.825650387950344,-11.326374085642074,3.5020772760904233,7030663.0,EX-DIV?
2026-09-23 10:00:15,XLE,62.72,62.73,62.725,62.72630506697257,-0.2080573646390249,1.5942606616178574,-4.005171110564085,-3.589056381286035,5777074.0,EX-DIV?
2026-09-23 10:00:15,XLV,169.59,169.64,169.62,169.5630984264135,3.060900282443324,2.9478524894604217,-1.4134771164145938,-7.535277681296801,1278763.0,EX-DIV?
2026-09-23 10:00:15,IWM,283.94,283.96,283.95,284.01951381437175,-2.4475013508118426,0.7043493572805709,-5.799589834652227,-0.9045871330285422,3050451.0,EX-DIV?
2026-09-23 10:00:15,AAPU,,,45.62,45.571582634289925,10.624464394537458,,7.624464394537458,-13.624464394537458,292633.0,SELL ETF / BUY AAPL
2026-09-23 10:00:15,TLT,81.06,81.07,81.065,81.01289004560724,6.432304089314389,1.2335779929674835,-2.184881644607721,-15.049489823236499,3905749.0,
2026-09-23 10:00:15,IEF,90.6,90.61,90.605,90.60762651144363,-0.2898775240856022,1.1036918492362582,-8.841707451929574,-8.2619524037617,1085888.0,
2026-09-23 10:00:15,SHY,81.19,81.2,81.195,81.18932670485209,0.6987735184105226,1.2316029312156065,-7.917070977770717,-9.314618014596203,550691.0,
2026-09-23 10:00:15,LQD,104.4,104.41,104.405,104.42760620460739,-2.164772843982199,0.9578085340731675,-10.643573439123914,-6.314027751158406,4365361.0,
2026-09-23 10:00:15,VCIT,79.48,79.49,79.49,79.52384021629356,-4.884097169846058,1.2580990123911309,-13.512839442149975,-3.7446451024589695,1136884.0,
2026-09-23 10:00:15,HYG,78.4,78.41,78.41,78.37085940764099,4.35628658624676,1.2754288629540087,-4.281705651912652,-12.994278824406173,4278937.0,
2026-09-23 10:00:15,AGG,95.75,95.76,95.755,95.73132111166842,2.473473473112442,1.044331888674755,-6.0488216275853475,-10.995768573812452,3726242.0,
2026-09-23 10:00:15,TIP,105.21,105.22,105.22,105.2194990115621,-0.4275834426481495,0.9504348239324351,-8.90278053510473,-8.047613649807321,130258.0,
2026-09-23 10:00:15,MUB,102.37,102.38,102.37,102.42352603518707,-4.7377821351701765,0.9768009768000885,-13.225951230058978,-3.7503869597186252,875836.0,
2026-09-23 10:00:34,SPY,770.65,770.67,770.65,770.8442052905086,-2.389656551147201,0.2595178158978254,-5.519384451173945,-0.7400713488784323,4078148.0,
2026-09-23 10:00:34,QQQ,743.24,743.27,743.3,743.5461240818585,-3.9153466399677317,0.40362997894360236,-7.117082611875267,0.7136106680601966,4669275.0,EX-DIV?
2026-09-23 10:00:34,XLK,195.39,195.41,195.395,195.60930798798867,-10.700308187867602,1.0235414534293876,-14.211531304131661,7.189085071601323,1107021.0,EX-DIV?
2026-09-23 10:00:34,XLF,54.81,54.82,54.815,54.82522846734769,-1.8656497444025089,1.8243181610869306,-5.777638648010505,-2.0463391592054876,7146022.0,EX-DIV?
2026-09-23 10:00:34,XLE,62.67,62.68,62.68,62.669791579108534,0.8310895505192484,1.5955325089745531,-2.9667430054861583,-4.6289221065268755,6190740.0,EX-DIV?
2026-09-23 10:00:34,XLV,169.61,169.66,169.605,169.5913522840927,2.57369938498897,2.9475049370697644,-1.9004323831265353,-7.047831153106696,1332057.0,EX-DIV?
2026-09-23 10:00:34,IWM,283.96,283.98,283.99,284.135686567346,-5.831248068400852,0.7042997499749498,-9.183192596062037,2.479303540742997,3179668.0,EX-DIV?
2026-09-23 10:00:34,AAPU,45.51,45.54,45.547,45.50778160412067,3.7836157405157778,6.589785831960711,-2.51252383633582,-10.079755317365155,380600.0,
2026-09-23 10:00:34,TLT,81.04,81.05,81.045,81.03801879405245,0.8614729297984347,1.2338824110051088,-7.755521423518978,-9.478467283115847,4139597.0,
2026-09-23 10:00:34,IEF,90.62,90.63,90.62,90.60784737249465,1.8930620252843866,1.1034482758610653,-6.658766557448896,-10.444890608015449,1376907.0,
2026-09-23 10:00:34,SHY,81.19,81.2,81.195,81.1964490535309,-0.1784626726653027,1.2316029312156065,-8.794253148515,-8.437327803186616,559860.0,
2026-09-23 10:00:34,LQD,104.42,104.43,104.42,104.43584125736592,-1.0380782340035921,0.957625089777842,-9.516841074404862,-7.440684606396568,4440772.0,
2026-09-23 10:00:34,VCIT,79.5,79.51,79.505,79.53535804828563,-3.8169248282260426,1.2577825294013103,-12.445576049857403,-4.811726393407538,1165783.0,
2026-09-23 10:00:34,HYG,78.41,78.42,78.415,78.37928590320041,4.556573383902585,1.2752662118223703,-4.081350264212073,-13.194497032019463,4385621.0,
2026-09-23 10:00:34,AGG,95.78,95.79,95.785,95.7691439683992,1.6556513866317069,1.0440048024226254,-6.866437439977162,-10.177740213245016,4427839.0,
2026-09-23 10:00:34,TIP,105.22,105.24,105.22,105.20953221237565,1.945430912384527,1.900598688586527,-7.0050533060803595,-10.895915130849414,134170.0,
2026-09-23 10:00:34,MUB,102.38,102.39,102.39,102.41267856517364,-2.702650253995076,0.9767055721057886,-11.190871055368527,-5.785570547380596,902547.0,
2026-09-23 10:04:33,SPY,,,770.96,770.9587199673084,0.01660312878515313,,-2.983396871214847,-3.016603128785153,4113313.0,
2026-09-23 10:04:33,QQQ,,,743.495,743.4814085513559,0.18280818441240854,,-2.8171918155875915,-3.1828081844124085,4705668.0,EX-DIV?
2026-09-23 10:04:33,XLK,,,195.56,195.56340040104905,-0.17387716935157727,,-3.1738771693515773,-2.8261228306484227,1115287.0,EX-DIV?
2026-09-23 10:04:33,XLF,54.81,54.82,54.805,54.841846689837176,-4.895292820646935,1.8243181610869306,-8.80700537261003,0.9835802686827293,7224424.0,EX-DIV?
2026-09-23 10:04:33,XLE,,,62.6337,62.67524291064252,-6.628280755408555,,-9.628280755408555,3.6282807554085554,6252858.0,EX-DIV?
2026-09-23 10:04:33,XLV,,,169.73,169.76349247172524,-1.9728901212867633,,-4.972890121286763,-1.0271098787132367,1366998.0,EX-DIV?
2026-09-23 10:04:33,IWM,,,284.04,284.0738987742627,-1.193308304950902,,-4.193308304950902,-1.806691695049098,3197510.0,EX-DIV?
2026-09-23 10:04:33,AAPU,,,45.545,45.50235172921266,9.372761882977532,,6.372761882977532,-12.372761882977532,381306.0,SELL ETF / BUY AAPL
2026-09-23 10:04:33,TLT,,,81.085,81.05477129301592,3.72941734358756,,-4.27058265641244,-11.72941734358756,4149365.0,
2026-09-23 10:04:33,IEF,,,90.63,90.61889042504475,1.2259667827674292,,-6.774033217232571,-9.22596678276743,1381751.0,
2026-09-23 10:04:33,SHY,,,81.195,81.1964490535309,-0.1784626726653027,,-8.178462672665303,-7.821537327334697,575399.0,
2026-09-23 10:04:33,LQD,,,104.435,104.44795530815544,-1.240360150394082,,-9.240360150394082,-6.759639849605918,4577934.0,
2026-09-23 10:04:33,VCIT,,,79.51,79.543036602947,-4.153299189707527,,-12.153299189707527,-3.8467008102924733,1167294.0,
2026-09-23 10:04:33,HYG,78.46,78.47,78.415,78.38771239875983,9.859657703366054,1.2744535780290722,1.2218026305501688,-18.49751277618194,4388295.0,
2026-09-23 10:04:33,AGG,,,95.7976,95.78308182438764,1.5157348600447484,,-6.4842651399552516,-9.515734860044748,4440836.0,
2026-09-23 10:04:33,TIP,105.35,105.36,105.36,105.20953221237565,13.82648364320227,0.949171847563487,5.3512415339698265,-22.301725752436933,134276.0,SELL ETF / BUY SCHP
2026-09-23 10:04:33,MUB,,,102.395,102.41267856517364,-1.7262086512448427,,-9.726208651244843,-6.273791348755157,909567.0,
2026-09-23 10:04:36,SPY,,,,,,,,,,
2026-09-23 10:04:36,QQQ,,,,,,,,,,
2026-09-23 10:04:36,XLK,,,,,,,,,,
2026-09-23 10:04:36,XLF,,,,,,,,,,
2026-09-23 10:04:36,XLE,,,,,,,,,,
2026-09-23 10:04:36,XLV,,,,,,,,,,
2026-09-23 10:04:36,IWM,,,,,,,,,,
2026-09-23 10:04:36,AAPU,,,,,,,,,,
2026-09-23 10:04:36,TLT,,,,,,,,,,
2026-09-23 10:04:36,IEF,,,,,,,,,,
2026-09-23 10:04:36,SHY,,,,,,,,,,
2026-09-23 10:04:36,LQD,,,,,,,,,,
2026-09-23 10:04:36,VCIT,,,,,,,,,,
2026-09-23 10:04:36,HYG,,,,,,,,,,
2026-09-23 10:04:36,AGG,,,,,,,,,,
2026-09-23 10:04:36,TIP,,,,,,,,,,
2026-09-23 10:04:36,MUB,,,,,,,,,,
2026-09-23 10:04:46,SPY,,,,,,,,,,
2026-09-23 10:04:46,QQQ,,,,,,,,,,
2026-09-23 10:04:46,XLK,,,,,,,,,,
2026-09-23 10:04:46,XLF,,,,,,,,,,
2026-09-23 10:04:46,XLE,,,,,,,,,,
2026-09-23 10:04:46,XLV,,,,,,,,,,
2026-09-23 10:04:46,IWM,,,,,,,,,,
2026-09-23 10:04:46,AAPU,,,,,,,,,,
2026-09-23 10:04:46,TLT,,,,,,,,,,
2026-09-23 10:04:46,IEF,,,,,,,,,,
2026-09-23 10:04:46,SHY,,,,,,,,,,
2026-09-23 10:04:46,LQD,,,,,,,,,,
2026-09-23 10:04:46,VCIT,,,,,,,,,,
2026-09-23 10:04:46,HYG,,,,,,,,,,
2026-09-23 10:04:46,AGG,,,,,,,,,,
2026-09-23 10:04:46,TIP,,,,,,,,,,
2026-09-23 10:04:46,MUB,,,,,,,,,,
2026-09-23 10:05:54,SPY,,,,,,,,,,
2026-09-23 10:05:54,QQQ,,,,,,,,,,
2026-09-23 10:05:54,XLK,,,,,,,,,,
2026-09-23 10:05:54,XLF,,,,,,,,,,
2026-09-23 10:05:54,XLE,,,,,,,,,,
2026-09-23 10:05:54,XLV,,,,,,,,,,
2026-09-23 10:05:54,IWM,,,,,,,,,,
2026-09-23 10:05:54,AAPU,,,,,,,,,,
2026-09-23 10:05:54,TLT,,,,,,,,,,
2026-09-23 10:05:54,IEF,,,,,,,,,,
2026-09-23 10:05:54,SHY,,,,,,,,,,
2026-09-23 10:05:54,LQD,,,,,,,,,,
2026-09-23 10:05:54,VCIT,,,,,,,,,,
2026-09-23 10:05:54,HYG,,,,,,,,,,
2026-09-23 10:05:54,AGG,,,,,,,,,,
2026-09-23 10:05:54,TIP,,,,,,,,,,
2026-09-23 10:05:54,MUB,,,,,,,,,,
2026-09-23 10:06:03,SPY,,,,,,,,,,
2026-09-23 10:06:03,QQQ,,,,,,,,,,
2026-09-23 10:06:03,XLK,,,,,,,,,,
2026-09-23 10:06:03,XLF,,,,,,,,,,
2026-09-23 10:06:03,XLE,,,,,,,,,,
2026-09-23 10:06:03,XLV,,,,,,,,,,
2026-09-23 10:06:03,IWM,,,,,,,,,,
2026-09-23 10:06:03,AAPU,,,,,,,,,,
2026-09-23 10:06:03,TLT,,,,,,,,,,
2026-09-23 10:06:03,IEF,,,,,,,,,,
2026-09-23 10:06:03,SHY,,,,,,,,,,
2026-09-23 10:06:03,LQD,,,,,,,,,,
2026-09-23 10:06:03,VCIT,,,,,,,,,,
2026-09-23 10:06:03,HYG,,,,,,,,,,
2026-09-23 10:06:03,AGG,,,,,,,,,,
2026-09-23 10:06:03,TIP,,,,,,,,,,
2026-09-23 10:06:03,MUB,,,,,,,,,,
2026-09-23 10:06:18,SPY,,,,,,,,,,
2026-09-23 10:06:18,QQQ,,,,,,,,,,
2026-09-23 10:06:18,XLK,,,,,,,,,,
2026-09-23 10:06:18,XLF,,,,,,,,,,
2026-09-23 10:06:18,XLE,,,,,,,,,,
2026-09-23 10:06:18,XLV,,,,,,,,,,
2026-09-23 10:06:18,IWM,,,,,,,,,,
2026-09-23 10:06:18,AAPU,,,,,,,,,,
2026-09-23 10:06:18,TLT,,,,,,,,,,
2026-09-23 10:06:18,IEF,,,,,,,,,,
2026-09-23 10:06:18,SHY,,,,,,,,,,
2026-09-23 10:06:18,LQD,,,,,,,,,,
2026-09-23 10:06:18,VCIT,,,,,,,,,,
2026-09-23 10:06:18,HYG,,,,,,,,,,
2026-09-23 10:06:18,AGG,,,,,,,,,,
2026-09-23 10:06:18,TIP,,,,,,,,,,
2026-09-23 10:06:18,MUB,,,,,,,,,,
2026-09-23 10:06:34,SPY,,,,,,,,,,
2026-09-23 10:06:34,QQQ,,,,,,,,,,
2026-09-23 10:06:34,XLK,,,,,,,,,,
2026-09-23 10:06:34,XLF,,,,,,,,,,
2026-09-23 10:06:34,XLE,,,,,,,,,,
2026-09-23 10:06:34,XLV,,,,,,,,,,
2026-09-23 10:06:34,IWM,,,,,,,,,,
2026-09-23 10:06:34,AAPU,,,,,,,,,,
2026-09-23 10:06:34,TLT,,,,,,,,,,
2026-09-23 10:06:34,IEF,,,,,,,,,,
2026-09-23 10:06:34,SHY,,,,,,,,,,
2026-09-23 10:06:34,LQD,,,,,,,,,,
2026-09-23 10:06:34,VCIT,,,,,,,,,,
2026-09-23 10:06:34,HYG,,,,,,,,,,
2026-09-23 10:06:34,AGG,,,,,,,,,,
2026-09-23 10:06:34,TIP,,,,,,,,,,
2026-09-23 10:06:34,MUB,,,,,,,,,,
2026-09-23 10:22:52,SPY,,,,,,,,,,
2026-09-23 10:22:52,QQQ,,,,,,,,,,
2026-09-23 10:22:52,XLK,,,,,,,,,,
2026-09-23 10:22:52,XLF,,,,,,,,,,
2026-09-23 10:22:52,XLE,,,,,,,,,,
2026-09-23 10:22:52,XLV,,,,,,,,,,
2026-09-23 10:22:52,IWM,,,,,,,,,,
2026-09-23 10:22:52,AAPU,,,,,,,,,,
2026-09-23 10:22:52,TLT,,,,,,,,,,
2026-09-23 10:22:52,IEF,,,,,,,,,,
2026-09-23 10:22:52,SHY,,,,,,,,,,
2026-09-23 10:22:52,LQD,,,,,,,,,,
2026-09-23 10:22:52,VCIT,,,,,,,,,,
2026-09-23 10:22:52,HYG,,,,,,,,,,
2026-09-23 10:22:52,AGG,,,,,,,,,,
2026-09-23 10:22:52,TIP,,,,,,,,,,
2026-09-23 10:22:52,MUB,,,,,,,,,,
2026-09-23 10:23:07,SPY,,,,,,,,,,
2026-09-23 10:23:07,QQQ,,,,,,,,,,
2026-09-23 10:23:07,XLK,,,,,,,,,,
2026-09-23 10:23:07,XLF,,,,,,,,,,
2026-09-23 10:23:07,XLE,,,,,,,,,,
2026-09-23 10:23:07,XLV,,,,,,,,,,
2026-09-23 10:23:07,IWM,,,,,,,,,,
2026-09-23 10:23:07,AAPU,,,,,,,,,,
2026-09-23 10:23:07,TLT,,,,,,,,,,
2026-09-23 10:23:07,IEF,,,,,,,,,,
2026-09-23 10:23:07,SHY,,,,,,,,,,
2026-09-23 10:23:07,LQD,,,,,,,,,,
2026-09-23 10:23:07,VCIT,,,,,,,,,,
2026-09-23 10:23:07,HYG,,,,,,,,,,
2026-09-23 10:23:07,AGG,,,,,,,,,,
2026-09-23 10:23:07,TIP,,,,,,,,,,
2026-09-23 10:23:07,MUB,,,,,,,,,,
2026-09-23 10:23:28,SPY,,,,,,,,,,
2026-09-23 10:23:28,QQQ,,,,,,,,,,
2026-09-23 10:23:28,XLK,,,,,,,,,,
2026-09-23 10:23:28,XLF,,,,,,,,,,
2026-09-23 10:23:28,XLE,,,,,,,,,,
2026-09-23 10:23:28,XLV,,,,,,,,,,
2026-09-23 10:23:28,IWM,,,,,,,,,,
2026-09-23 10:23:28,AAPU,,,,,,,,,,
2026-09-23 10:23:28,TLT,,,,,,,,,,
2026-09-23 10:23:28,IEF,,,,,,,,,,
2026-09-23 10:23:28,SHY,,,,,,,,,,
2026-09-23 10:23:28,LQD,,,,,,,,,,
2026-09-23 10:23:28,VCIT,,,,,,,,,,
2026-09-23 10:23:28,HYG,,,,,,,,,,
2026-09-23 10:23:28,AGG,,,,,,,,,,
2026-09-23 10:23:28,TIP,,,,,,,,,,
2026-09-23 10:23:28,MUB,,,,,,,,,,
2026-09-23 10:23:44,SPY,,,,,,,,,,
2026-09-23 10:23:44,QQQ,,,,,,,,,,
2026-09-23 10:23:44,XLK,,,,,,,,,,
2026-09-23 10:23:44,XLF,,,,,,,,,,
2026-09-23 10:23:44,XLE,,,,,,,,,,
2026-09-23 10:23:44,XLV,,,,,,,,,,
2026-09-23 10:23:44,IWM,,,,,,,,,,
2026-09-23 10:23:44,AAPU,,,,,,,,,,
2026-09-23 10:23:44,TLT,,,,,,,,,,
2026-09-23 10:23:44,IEF,,,,,,,,,,
2026-09-23 10:23:44,SHY,,,,,,,,,,
2026-09-23 10:23:44,LQD,,,,,,,,,,
2026-09-23 10:23:44,VCIT,,,,,,,,,,
2026-09-23 10:23:44,HYG,,,,,,,,,,
2026-09-23 10:23:44,AGG,,,,,,,,,,
2026-09-23 10:23:44,TIP,,,,,,,,,,
2026-09-23 10:23:44,MUB,,,,,,,,,,
2026-09-23 10:23:55,SPY,,,,,,,,,,
2026-09-23 10:23:55,QQQ,,,,,,,,,,
2026-09-23 10:23:55,XLK,,,,,,,,,,
2026-09-23 10:23:55,XLF,,,,,,,,,,
2026-09-23 10:23:55,XLE,,,,,,,,,,
2026-09-23 10:23:55,XLV,,,,,,,,,,
2026-09-23 10:23:55,IWM,,,,,,,,,,
2026-09-23 10:23:55,AAPU,,,,,,,,,,
2026-09-23 10:23:55,TLT,,,,,,,,,,
2026-09-23 10:23:55,IEF,,,,,,,,,,
2026-09-23 10:23:55,SHY,,,,,,,,,,
2026-09-23 10:23:55,LQD,,,,,,,,,,
2026-09-23 10:23:55,VCIT,,,,,,,,,,
2026-09-23 10:23:55,HYG,,,,,,,,,,
2026-09-23 10:23:55,AGG,,,,,,,,,,
2026-09-23 10:23:55,TIP,,,,,,,,,,
2026-09-23 10:23:55,MUB,,,,,,,,,,
2026-09-23 10:48:01,SPY,,,,,,,,,,
2026-09-23 10:48:01,QQQ,,,,,,,,,,
2026-09-23 10:48:01,XLK,,,,,,,,,,
2026-09-23 10:48:01,XLF,,,,,,,,,,
2026-09-23 10:48:01,XLE,,,,,,,,,,
2026-09-23 10:48:01,XLV,,,,,,,,,,
2026-09-23 10:48:01,IWM,,,,,,,,,,
2026-09-23 10:48:01,AAPU,,,,,,,,,,
2026-09-23 10:48:01,TLT,,,,,,,,,,
2026-09-23 10:48:01,IEF,,,,,,,,,,
2026-09-23 10:48:01,SHY,,,,,,,,,,
2026-09-23 10:48:01,LQD,,,,,,,,,,
2026-09-23 10:48:01,VCIT,,,,,,,,,,
2026-09-23 10:48:01,HYG,,,,,,,,,,
2026-09-23 10:48:01,AGG,,,,,,,,,,
2026-09-23 10:48:01,TIP,,,,,,,,,,
2026-09-23 10:48:01,MUB,,,,,,,,,,
2026-09-23 11:04:10,SPY,,,,,,,,,,
2026-09-23 11:04:10,QQQ,,,,,,,,,,
2026-09-23 11:04:10,XLK,,,,,,,,,,
2026-09-23 11:04:10,XLF,,,,,,,,,,
2026-09-23 11:04:10,XLE,,,,,,,,,,
2026-09-23 11:04:10,XLV,,,,,,,,,,
2026-09-23 11:04:10,IWM,,,,,,,,,,
2026-09-23 11:04:10,AAPU,,,,,,,,,,
2026-09-23 11:04:10,TLT,,,,,,,,,,
2026-09-23 11:04:10,IEF,,,,,,,,,,
2026-09-23 11:04:10,SHY,,,,,,,,,,
2026-09-23 11:04:10,LQD,,,,,,,,,,
2026-09-23 11:04:10,VCIT,,,,,,,,,,
2026-09-23 11:04:10,HYG,,,,,,,,,,
2026-09-23 11:04:10,AGG,,,,,,,,,,
2026-09-23 11:04:10,TIP,,,,,,,,,,
2026-09-23 11:04:10,MUB,,,,,,,,,,
